title,director,release_year
Duck the Halls: A Mickey Mouse Christmas Special,"Alonso Ramirez Ramos, Dave Wasson",2016
Ernest Saves Christmas,John Cherry,1988
Ice Age: A Mammoth Christmas,Karen Disher,2011
The Queen Family Singalong,Hamish Hamilton,2021
The Beatles: Get Back,,2021
Becoming Cousteau,Liz Garbus,2021
Hawkeye,,2021
Port Protection Alaska,,2015
Secrets of the Zoo: Tampa,,2019
A Muppets Christmas: Letters To Santa,Kirk R. Thatcher,2008
Adventure Thru the Walt Disney Archives,John Gleim,2020
Puppy for Hanukkah,,2020
The Pixar Story,Leslie Iwerks,2007
"Dr. Oakley, Yukon Vet",,2013
America the Beautiful,,2021
Baymax!,,2021
Ciao Alberto,McKenna Harris,2021
Disney Fancy Nancy,,2018
Disney Intertwined,,2021
Enchanted,Kevin Lima,2007
Feast,Patrick Osborne,2014
Frozen Fever,"Chris Buck, Jennifer Lee",2015
Get a Horse!,Lauren MacMullan,2013
Home Sweet Home Alone,Dan Mazer,2021
Jungle Cruise,Jaume Collet-Serra,2021
Limitless with Chris Hemsworth,,2021
Marvel Studios’ 2021 Disney+ Day Special,,2021
Obi-Wan Kenobi,,2021
Olaf Presents,,2021
Paperman,John Kahrs,2012
Pixar 2021 Disney+ Day Special,,2021
Shang-Chi and The Legend of The Ten Rings,Destin Daniel Cretton,2021
Spin,Manjari Makijany,2021
Tangled Ever After,"Nathan Greno, Byron Howard",2012
The Ballad of Nessie,"Stevie Wermers-Skelton, Kevin Deters",2011
The Little Matchgirl,Roger Allers,2006
The Making of Happier Than Ever: A Love Letter to Los Angeles,David Clair,2021
The Proud Family: Louder and Prouder,,2021
The Simpsons in Plusaversary,David Silverman,2021
Tick Tock Tale,Dean Wellins,2010
Under the Helmet: The Legacy of Boba Fett,,2021
Willow,,2021
Alvin and the Chipmunks: Chipwrecked,Mike Mitchell,2011
Jingle All The Way,Brian Levant,1996
Jingle All the Way 2,Alex Zamm,2014
Prep & Landing: Operation Secret Santa,"Kevin Deters, Stevie Wermers-Skelton",2010
Santa Buddies: The Legend of Santa Paws,Robert Vince,2009
Snow Buddies,Robert Vince,2008
Space Buddies,Robert Vince,2009
The Search for Santa Paws,Robert Vince,2010
X-Men: First Class,Matthew Vaughn,2011
Disney Amphibia,,2018
Photo Ark,,2017
Storm Rising,,2021
Bob Ballard: An Explorer's Life,,2021
"McFarland, USA",Niki Caro,2015
Rookie of the Year,Daniel Stern,1993
Thumbelina,"Don Bluth, Gary Goldman",1994
PJ Masks,,2015
The Wild Life of Dr. Ole,,2021
Lost Cities with Albert Lin: The Great Flood,Jim Greayer,2021
Megacity of the Maya Warriors,Ben Crichton,2021
Apollo: Back To The Moon,,2019
Just Beyond,,2021
Secrets Of The Zoo: Down Under,,2020
Secrets of the Zoo: North Carolina,,2020
The Wizard of Paws,,2021
Zombies: Addison's Moonstone Mystery,,2020
Just Roll With It: You Decide Live!,,2019
Mickey's Tale of Two Witches,Jeff Gordon,2021
Muppets Haunted Mansion,Kirk Thatcher,2021
The Most Magical Story on Earth: 50 Years of Walt Disney World,Dave Hoffman,2021
Under Wraps,Alex Zamm,2021
Among the Stars,,2021
Black Widow,Cate Shortland,2021
Drain the Oceans,,2017
Drain The Oceans: The Mississippi River & Arctic War,,2021
Fauci,"John Hoffman, Janet Tobias",2021
IMPACT with Gal Gadot,,2021
The Ghost and Molly McGee,,2021
Alvin and the Chipmunks,Tim Hill,2007
Alvin and the Chipmunks: The Road Chip,Walt Becker,2015
LEGO Star Wars Terrifying Tales,Ken Cunningham,2021
Maleficent,Robert Stromberg,2014
The Scariest Story Ever: A Mickey Mouse Halloween Spooktacular,"Alonso Ramirez Ramos, Eddie Trigueros, Dave Wasson",2017
Disney Vampirina,,2017
Disney's Magic Bake-Off,,2021
Great Barrier Reef,,2020
Ready for Preschool,,2019
Rolie Polie Olie,,1998
Star Wars Galaxy of Sounds,,2021
The Hatcher Family Dairy,,2021
The Simpsons,,1989
A Spark Story,"Jason Sterman, Leanne Dare",2021
Spooky Buddies,Robert Vince,2011
The Fault in Our Stars,Josh Boone,2014
Dog: Impossible,,2019
Spidey And His Amazing Friends,,2021
Star Wars: Visions,,2021
Confessions of a Shopaholic,P.J. Hogan,2009
Descendants: Royal Wedding,Salvador Simó,2021
Disney's Broadway Hits at London's Royal Albert Hall,Jay Hatcher,2016
Flooded Tombs of the Nile,Katie Bauer Murdock,2021
Jade Eyed Leopard,,2020
Nona,Louis Gonzales,2021
Smoky Mountain Park Rangers,,2021
Life Below Zero,,2012
Miraculous: Tales Of Ladybug & Cat Noir,,2015
Unknown Waters with Jeremy Wade,,2021
Far Away From Raven’s Home,,2021
Pirates of the Caribbean: On Stranger Tides,Rob Marshall,2011
Twenty Something,Aphton Corbin,2021
"Doogie Kamealoha, M.D.",,2021
"Mira, Royal Detective",,2020
Pepper Ann,,1997
The Incredible Dr. Pol,,2011
Happier Than Ever: A Love Letter to Los Angeles,"Robert Rodriguez, Patrick Osborne",2021
X-Men: Dark Phoenix,Simon Kinberg,2019
Alaska Animal Rescue,,2019
Dug Days,,2021
Cruella,Craig Gillespie,2021
Dan in Real Life,Peter Hedges,2007
Disney Princess Remixed - An Ultimate Princess Celebration,Napoleon Dumo,2021
Marvel One-Shot: All Hail the King,Drew Pearce,2014
Underdog,Frederik Du Chau,2007
Dr. K's Exotic Animal ER,,2014
Gigantosaurus,,2018
Life Below Zero: Next Generation,,2020
Eragon,Stefen Fangmeier,2006
Growing Up Animal,,2021
Fantastic Four,Tim Story,2005
X-Men,Bryan Singer,2000
America's Funniest Home Videos: Animal Edition,,2021
Chicken Squad,,2021
Disney Presents Goofy in How to Stay at Home,,2021
Gabby Duran And The Unsittables,,2018
What If...?,,2021
Beverly Hills Chihuahua 2,Alex Zamm,2011
Beverly Hills Chihuahua 3: Viva La Fiesta!,Lev L. Spiro,2012
Killer Shark vs Killer Whale,,2021
Mrs. Doubtfire,Chris Columbus,1993
Cesar Millan: Better Human Better Dog,,2021
Walt Disney Animation Studios: Short Circuit Experimental Films,,2020
Built for Mars: The Perseverance Rover,Mark J Davis,2021
Garfield,Peter Hewitt,2004
Chip 'n' Dale: Park Life,,2021
Critter Fixers: Country Vets,,2020
Disney Junior T.O.T.S.,,2018
Mickey Mouse Funhouse,,2021
Minnie's Bow-Toons: Party Palace Pals,,2021
Turning the Tables with Robin Roberts,,2021
Ice Age: The Meltdown,Carlos Saldanha,2006
Playing with Sharks,,2021
Shark vs. Surfer,Phil Stebbing,2020
Shark vs. Whale,,2020
Stuntman,Kurt Mattila,2021
Walking with Dinosaurs: The Movie,"Barry Cook, Neil Nightingale",2013
What the Shark?,,2020
Behind the Attraction,,2021
Disney The Owl House,,2020
Meet Spidey and His Amazing Friends (Shorts),,2021
Mission Force One,,2017
Turner & Hooch,,2021
Most Wanted Sharks,,2020
Secrets of the Bull Shark,,2020
Shark Attack Files,,2021
Shark Attack Investigation: The Paige Winter Story,,2021
Sharkcano,Andy Seestedt,2020
We Bought a Zoo,Cameron Crowe,2011
World's Biggest Bullshark,,2021
World's Most Dangerous Shark?,Kevin Bachar,2021
So Random!,,2011
Flicka,Michael Mayer,2006
"Miraculous World: Shanghai, The Legend of Ladydragon",Thomas Astruc,2021
Orca vs. Great White,Sigmund Spath Jr.,2021
Rogue Shark?,Mark Woodward,2021
Shark Beach with Chris Hemsworth,Sally Aitken,2021
Shark Gangs,"Jacob Cobi Benattia, Pete Berg, James Buchanan",2021
The Croc That Ate Jaws,Mark Woodward,2021
When Sharks Attack,,2013
Breaking Bobby Bones,,2021
Mickey Mouse Mixed-Up Adventures,,2019
Monsters at Work,,2021
"The Good, The Bart, and The Loki",David Silverman,2021
Disney Raven's Home,,2016
The Sandlot,David Mickey Evans,1993
The Sandlot 2,David Mickey Evans,2005
Adventures in Babysitting,Chris Columbus,1987
Running Wild with Bear Grylls,,2019
The Mysterious Benedict Society,,2021
Wolfgang,David Gelb,2021
Dino Ranch,,2021
Disney Just Roll With It,,2018
"Heartland Docs, DVM",,2019
Luca,Enrico Casarosa,2021
Star Wars Vintage: Droids,,1985
Puppy Dog Pals,,2016
Strange Magic,Gary Rydstrom,2015
The Happiest Millionaire,Norman Tokar,1967
The Pacifier,Adam Shankman,2005
Zenimation,,2020
Loki,,2021
Gordon Ramsay: Uncharted,,2018
MUPPET BABIES,,2017
Raya and the Last Dragon,"Don Hall, Carlos López Estrada",2021
Red Tails,Anthony Hemingway,2012
Us Again,Zach A. Parrish,2021
American Eid,Aqsa Altaf,2021
Bluey,,2019
Dinner Is Served,Hao Zheng,2021
Disney Sydney To The Max,,2018
Growing Fangs,Ann Marie Pace,2021
Kingdom of the Polar Bears,,2021
Let's Be Tigers,Stephanie Abel Horowitz,2021
The Last of the Chupacabras,Jessica Mendez Siqeiros,2021
The Little Prince(ss),Moxie Peng,2021
Wicked Tuna,,2016
Big City Greens,,2017
Fury Files,,2013
Ice Road Rescue,,2015
Tinker Bell and the Legend of the NeverBeast,Steve Loter,2014
Schoolhouse Rock!,,1973
Disney Special Agent Oso: Three Healthy Steps (Shorts),,2011
Race to the Center of the Earth,,2021
Special Agent Oso,,2009
X-Men: The Last Stand,Brett Ratner,2006
The Incredible Hulk,,1996
Fantastic Four: Rise of the Silver Surfer,Tim Story,2007
Wander Over Yonder,,2013
Wild Hearts Can't Be Broken,Steve Miner,1991
"Maggie Simpson in ""The Force Awakens from its Nap""",David Silverman,2021
Star Wars Biomes,,2021
Star Wars Vehicle Flythroughs,,2021
The Bad Batch,,2021
Spider-Man,,1994
22 vs. Earth,Kevin Nolting,2021
Adventures in Wonderland,,1996
Disney My Music Story SUKIMASWITCH,Kentaro Takayanagi,2020
DuckTales,,2017
Oklahoma!,Fred Zinnemann,1956
Baby's Day Out,Patrick Read Johnson,1994
Being the Queen,Tom Jennings,2020
Liv and Maddie,,2013
Secrets of the Whales,,2021
Big Shot,,2021
Earth Moods,,2021
Primal Survivor,,2014
Rio,Carlos Saldanha,2011
The Kid Who Would Be King,Joe Cornish,2019
Treasure Buddies,Robert Vince,2012
White Fang 2: Myth of the White Wolf,Ken Olin,1994
Cesar Millan: The Real Story,Doug Shultz,2012
Future-Worm!,,2016
Kick Buttowski: Suburban Daredevil,,2010
Man of the House,James Orr,1995
Mark Twain and Me,Daniel Petrie,1991
Squanto: A Warrior's Tale,Xavier Koller,1994
Caravan of Courage: An Ewok Adventure,John Korty,1984
Ewoks: The Battle for Endor,"Jim Wheat, Ken Wheat",1985
Higglytown Heroes,,2004
Island at the Top of the World,Robert Stevenson,1974
Made in a Day,,2020
Night at the Museum,Shawn Levy,2006
Secrets Of The Zoo,,2017
Sharks Of The Bermuda Triangle,,2020
Star Wars Vintage: Clone Wars 2D Micro-Series,,2021
Star Wars Vintage: Story of the Faithful Wookiee,,2021
Star Wars: Ewoks,,1985
The Big Year,David Frankel,2011
The Last Ice,Scott Ressler,2020
Third Man on the Mountain,Ken Annakin,1959
Walk the Prank,,2016
Gnomeo & Juliet,Kelly Asbury,2011
Pickle and Peanut,,2015
The Mighty Ducks: Game Changers,,2021
Disney Big Hero 6 The Series,,2017
Disney My Music Story: Perfume,Kentaro Takayanagi,2019
Mexico Untamed,,2018
The Falcon and The Winter Soldier,,2021
Doc McStuffins: The Doc Is In,Chris Hamilton,2020
Marvel Studios ASSEMBLED,,2021
Miss Peregrine's Home for Peculiar Children,Tim Burton,2016
Own the Room,"Cristina Costantini, Darren Foster",2021
Garfield: A Tail of Two Kitties,Tim Hill,2006
American Dragon: Jake Long,,2004
Car SOS,,2012
Disney Channel Games 2008,,2008
Disney Roll It Back (Shorts),,2019
Dog With a Blog,,2012
Mickey Go Local,,2019
Myth: A Frozen Tale,Jeff Gipson,2021
Okavango: River of Dreams,"Dereck Joubert, Beverly Joubert",2020
Pair of Kings,,2010
Secrets of Sulphur Springs,,2021
Shanghai Disney Resort Grand Opening Gala,,2016
Cheaper By the Dozen,Shawn Levy,2003
Cheaper by the Dozen 2,Adam Shankman,2005
Flora & Ulysses,Lena Khan,2021
The Book of Life,Jorge R. Gutiérrez,2014
The Muppet Show,,1976
Marvel Battleworld: Mystery of the Thanostones,,2020
Marvel's Behind the Mask,,2021
Rodgers & Hammerstein's Cinderella,Robert Iscove,1997
You Again,Andy Fickman,2010
Disney My Music Story: Yoshiki,Kentaro Takayanagi,2019
Expedition Everest,Katie Bauer Murdock,2020
Upside-Down Magic,Joe Nussbaum,2020
Wicked Tuna: Outer Banks,,2013
Dinosaurs,,1991
Texas Storm Squad,Natalie Hewit,2020
Pixar Popcorn,,2021
Wild Uganda,Harald Pokieser,2018
Elena of Avalor,,2015
Isle of Dogs,Wes Anderson,2018
Mary Poppins Returns,Rob Marshall,2018
WandaVision,,2021
Disney Fam Jam,,2020
Ferdinand,Carlos Saldanha,2017
Marvel Studios LEGENDS,,2021
Toy Story: That Time Forgot,Steve Purcell,2014
700 Sharks,Luc Marescot,2018
Big Sharks Rule,,2018
Dr. Seuss' Horton Hears a Who!,"Jimmy Hayward, Steve Martino",2008
Great Shark Chow Down,Mark Woodward,2019
Mega Hammerhead,"Brandon Hill, Marc Ostrick",2016
Burrow,Madeline Sharafian,2020
Cosmos: Possible Worlds,,2020
Disney Gallery / Star Wars: The Mandalorian,,2020
Max Keeble's Big Move,Tim Hill,2001
Soul,Pete Docter,2020
Arendelle Castle Yule Log,,2020
Buried Truth of the Maya,,2020
Disney Parks Sunrise Series,,2021
Dory's Reef Cam,Michal Makarewicz,2020
Into the Woods,Rob Marshall,2014
"Miraculous World: New York, United Heroez",Thomas Astruc,2020
On Pointe,,2020
Wild Nordic,,2019
Disney Channel's Epic Holiday Showdown,,2020
Disney Holiday Magic Quest,,2020
Gender Revolution: A Journey With Katie Couric,,2017
High School Musical: The Musical: The Holiday Special,,2020
Ralph Breaks the Internet,"Rich Moore, Phil Johnston",2018
Safety,Reginald Hudlin,2020
Anastasia,"Don Bluth, Gary Goldman",1997
Godmothered,Sharon Maguire,2020
Man vs. Shark,,2019
Mulan,Niki Caro,2020
Sky High,Mike Mitchell,2005
The Disney Holiday Singalong,,2020
The Nutcracker and the Four Realms,"Lasse Hallström, Joe Johnston",2018
"Alexander and the Terrible, Horrible, No Good, Very Bad Day",Miguel Arteta,2014
Black Beauty,Ashley Avis,2020
From Our Family to Yours,Angela Affinita,2020
Once Upon a Time in Wonderland,,2013
Party Animals,,2016
Folklore: the long pond studio sessions,,2020
Bia,,2019
Marvel's 616,,2020
Planes,Klay Hall,2013
Planes: Fire & Rescue,Bobs Gannaway,2014
The Real Right Stuff,,2020
The Wonderful World of Mickey Mouse,,2020
LEGO Star Wars Holiday Special,Ken Cunningham,2020
Home Alone,Chris Columbus,1990
Home Alone 2: Lost in New York,Chris Columbus,1992
Home Alone 3,Raja Gosnell,1997
Inside Pixar,,2020
Petra: Secrets of the Ancient Builders,"Thierry Fessard, Yohann Thiriet",2019
Ultimate Viking Sword,Peter Yost,2019
Disney's A Christmas Carol,Robert Zemeckis,2009
Fancy Nancy (Shorts),,2019
Goldie & Bear,,2015
Mr. Magoo,Stanley Tong,1997
Prep & Landing,"Kevin Deters, Stevie Wermers-Skelton",2009
Prep & Landing: Naughty vs. Nice,"Kevin Deters, Stevie Wermers-Skelton",2011
Disney Channel Halloween House Party,Trevor Moore,2020
The Mandalorian,,2019
The Sorcerer's Apprentice,Jon Turteltaub,2010
X-Ray Earth,,2020
Gathering Storm,,2020
India From Above,,2019
Marvel Super Hero Adventures,,2017
Once Upon a Snowman,"Dan Abraham, Trent Correy",2020
Pompeii: Secrets Of The Dead,Ben Finney,2019
Toy Story of Terror!,Angus MacLane,2013
Beverly Hills Chihuahua,Raja Gosnell,2008
Clouds,Justin Baldoni,2020
Lost on Everest,Renan Ozturk,2020
Marvel's Iron Man & Captain America: Heroes United,Leo Riley,2014
Meet The Chimps,,2020
The Rocketeer,,2019
Oil Spill of The Century,,2019
The Chronicles Of Narnia: The Voyage of the Dawn Treader,Michael Apted,2010
The Right Stuff,,2020
Wild Portugal,Christian Baumeister,2020
X2,Bryan Singer,2003
Mr. Holland's Opus,Stephen Herek,1996
Disneynature Oceans,"Jacques Perrin, Jacques Cluzaud",2010
Hidden Figures,Theodore Melfi,2016
Magic of Disney's Animal Kingdom,,2020
Secret Society of Second-Born Royals,,2020
The Giant Robber Crab,Moritz Katz,2019
Wild Central America,,2020
Ancient China from Above,,2020
Becoming,,2020
Coop & Cami Ask The World,,2018
Europe from Above,,2019
Ever After: A Cinderella Story,Andy Tennant,1998
Kingdom of the Mummies,,2020
Morning Light,Mark Monroe,2008
Notre Dame: Race Against The Inferno,"Fabrice Gardel, Simon Kessler, Josselin Mahot",2019
Once Upon a Time,,2011
Soy Luna,,2015
Violetta,,2011
Christopher Robin,Marc Forster,2018
D2: The Mighty Ducks,Sam Weisman,1994
D3: The Mighty Ducks,Robert Lieberman,1996
Earth to Ned,,2020
Trick or Treat,Jack Hannah,1952
Alice Through the Looking Glass,James Bobin,2016
Phineas and Ferb The Movie: Candace Against the Universe,,2020
Back to the Titanic,,2020
Beauty and the Beast,Bill Condon,2017
Mars: One Day on the Red Planet,Martin Johnson,2020
The One and Only Ivan,Thea Sharrock,2020
"Weirdest, Bestest, Truest",,2018
Disney Junior T.O.T.S.: Calling All T.O.T.S. (Shorts),,2020
Disney Zombies 2,Paul Hoen,2020
India's Wild Leopards,,2020
Jungle Animal Rescue,,2019
Magic Camp,Mark Waters,2020
Marvel Studios' Ant-Man and the Wasp,Peyton Reed,2018
Nature Boom Time,,2016
Sam's Zookeeper Challenge,,2018
Scuba Sam's World,,2018
Spaced Out,,2018
The Greatest Showman,Michael Gracey,2017
Weird But True!,,2017
Wild Cats of India,,2020
Howard,Don Hahn,2020
Prince of Persia: The Sands of Time,Mike Newell,2010
Star Wars: Galaxy's Edge-Adventure Awaits,,2019
The Hidden Kingdoms of China,"Ben Wallis, Emma Fraser, Jess Tombs",2020
The Peanuts Movie,Steve Martino,2015
UFO Europe: The Untold Stories,,2012
Animal Showdown,,2018
Best Job Ever,,2018
Big Cat Games,Jeremy Turner,2015
Black Is King,Beyoncé Knowles-Carter,2020
Cradle of the Gods,Tim Conrad,2012
Destination World,,2018
Fearless Adventures with Jack Randall,,2018
Hunt for the Abominable Snowman,Dan Oliver,2011
Incredibles 2,Brad Bird,2018
King Fishers,,2013
Lost Temple of the Inca,Jim Aikman,2020
Marvel Funko Shorts,,2016
Muppets Now,,2020
Surviving the Mount St. Helens Disaster,Sophie Harris,2020
What Sam Sees,,2018
Pirates of the Caribbean: Dead Men Tell No Tales,"Joachim Rønning, Espen Sandberg",2017
PJ Masks (Shorts),,2017
Rogue Trip,,2020
Wild Congo,,2014
Wild Sri Lanka,,2016
A Pre-Opening Report from Disneyland,Wilfred Jackson,1955
Diary of a Wimpy Kid: The Long Haul,David Bowers,2017
Disney Junior Music Lullabies,,2018
Lost City of Machu Picchu,,2019
Super Robot Monkey Team Hyperforce Go!,,2004
The Mouseketeers at Walt Disney World,John Tracy,1977
Wild Chile,,2017
X-Men: Apocalypse,Bryan Singer,2016
Cosmos: A Spacetime Odyssey,,2013
Hamilton: History Has Its Eyes on You,,2020
Solo: A Star Wars Story,Ron Howard,2018
X-Men: Days of Future Past,Bryan Singer,2014
The Undefeated Presents: Hamilton In-Depth,,2020
Animal ER,,2016
Diary of a Wimpy Kid: Rodrick Rules,David Bowers,2011
Hamilton,Thomas Kail,2020
Ice Age: Collision Course,Mike Thurmeier,2016
Race to Witch Mountain,Andy Fickman,2009
The Big Green,Holly Sloan,1995
The Mighty Ducks,Stephen Herek,1992
While You Were Sleeping,Jon Turteltaub,1995
Disney A.N.T. Farm,,2011
Into the Unknown: Making Frozen 2,,2020
Man in Space,Ward Kimball,1955
Mars and Beyond,Ward Kimball,1957
Marvel Studios' Avengers: Infinity War,"Anthony Russo, Joe Russo",2018
Tarzan,"Kevin Lima, Chris Buck",1999
Tarzan II,Brian Smith,2005
101 Dalmatians (Series),,1997
Big Sur: Wild California,,2010
Disney Junior Muppet Babies Play Date,,2018
Egypt's Treasure Guardians,"Ben Allen, Tom Jenner",2016
The Jungle Book,Jon Favreau,2016
The Pirate Fairy,Peggy Holmes,2014
Trail Mix-Up,Barry Cook,1993
Tummy Trouble,"Frank Marshall, Rob Minkoff",1989
Artemis Fowl,Kenneth Branagh,2020
Mighty Med,,2013
The Liberty Story,"Hamilton Luske, Robert Stevenson",1957
The Story of the Animated Drawing,"Wilfred Jackson, William Beaudine",1955
Walt & El Grupo,Theodore Thomas,2009
Alaska's Grizzly Gauntlet,,2018
America's Greatest Animals,,2012
Chasing the Equinox,Kenny Scott,2019
Howie Mandel's Animals Doing Things,,2017
Japan: Between Earth and Sky,,2017
Percy Jackson & The Olympians: The Lightning Thief,Chris Columbus,2010
Secrets of Wild India,,2012
The Greeks,,2016
Wild Hawaii,,2014
Women Of Impact: Changing The World,,2019
"Maggie Simpson in ""The Longest Daycare""",,2012
Mickey and the Seal,Charles Nichols,1948
The Evermoor Chronicles,,2015
The Moon-Spinners,James Neilson,1964
Doc McStuffins,,2011
Fantastic Mr. Fox,Wes Anderson,2009
"Hello, Dolly!",Gene Kelly,1969
Marvel's Future Avengers,,2017
Out,Steven Hunter,2020
The Big Fib,,2019
The Boys: The Sherman Brothers' Story,"Jeffrey Sherman, Gregory Sherman",2009
It's a Dog's Life with Bill Farmer,,2020
Maleficent: Mistress of Evil,Joachim Rønning,2019
Star Wars: The Rise of Skywalker (Episode IX),J.J. Abrams,2019
John Carter,Andrew Stanton,2012
Awesome Animals,,2017
Birth of Europe,,2014
Bride of Boogedy,Oz Scott,1987
Buried Secrets Of The Bible With Albert Lin,,2019
Disney Prop Culture,,2020
George of the Jungle,Sam Weisman,1997
Homeward Bound II: Lost in San Francisco,David Ellis,1996
Homeward Bound: The Incredible Journey,Duwayne Dunham,1993
How to Play Baseball,Jack Kinney,1942
In Beaver Valley,James Algar,1950
Lost Treasures Of Egypt,,2018
Love & Vets,,2017
Nature's Half Acre,James Algar,1951
Prairie Dog Manor,,2019
Prowlers of the Everglades,James Algar,1953
The Princess Bride,Rob Reiner,1987
United States Of Animals,,2015
Unlikely Animal Friends,,2012
Water Birds,Ben Sharpsteen,1952
National Treasure,Jon Turteltaub,2004
Born Wild: The Next Generation,Liliana Olszewski,2020
America's Funniest Home Videos,,1989
The Olympic Elk,James Algar,1952
Tangled: The Series,,2016
Jane Goodall: The Hope,"Elizabeth Leiter, Kimberly Woodard",2020
Brain Games,,2011
Disney Mickey and the Roadster Racers - Chip 'N' Dale's Nutty Tales (Shorts),,2017
Let's Stick Together,Jack Hannah,1952
Pluto's Purchase,Charles Nichols,1948
Tron Uprising,,2011
A Celebration of the Music from Coco,Ron de Moraes,2020
Disney Playtime with Puppy Dog Pals (Shorts),,2017
"Maggie Simpson in ""Playdate with Destiny""",David Silverman,2020
Paradise Islands,,2017
Tut's Treasures: Hidden Secrets,,2018
A Tale of Two Critters,Jack Speirs,1977
All in a Nutshell,Jack Hannah,1949
Disneynature Penguins,"Alastair Fothergill, Jeff Wilson",2019
Diving with Dolphins,Keith Scholey,2020
Dolphin Reef,Keith Scholey,2018
Don's Fountain of Youth,Jack Hannah,1953
Donald's Dog Laundry,Jack King,1940
Double Dribble,Jack Hannah,1946
Dragon Around,Jack Hannah,1954
Elephant,Mark Linfield,2020
Elmer Elephant,Wilfred Jaxon,1936
Fish Hooks,,2010
How To Play Football,Jack Kinney,1944
In the Footsteps of Elephant,Vanessa Berlowitz,2020
"Lambert, The Sheepish Lion",Jack Hannah,1952
On Ice,Ben Sharpsteen,1935
Onward,Dan Scanlon,2020
Out of Scale,Jack Hannah,1951
Penguins: Life on the Edge,"Alastair Fothergill, Jeff Wilson",2020
Pluto's Party,Milt Schaffer,1952
Sea Scouts,Dick Lundy,1939
Sonny With A Chance,,2008
The Boy Who Talked to Badgers,Gary Nelson,1975
The New Neighbor,Jack Hannah,1953
The Small One,Don Bluth,1978
The Straight Story,David Lynch,1999
Frankenweenie,Tim Burton,2012
Mars Needs Moms,Simon Wells,2011
Prom,Joe Nussbaum,2011
The Last Song,Julie Robinson,2010
The Odd Life of Timothy Green,Peter Hedges,2012
Be Our Chef,,2020
A Wrinkle in Time,Ava DuVernay,2018
Disney I Didn't Do It,,2013
Disney Insider,,2020
Disney Vampirina Ghoul Girls Rock! (Shorts),,2017
G-Force,Hoyt Yeatman IV,2009
Frozen 2,"Chris Buck, Jennifer Lee",2019
Stargirl,Julia Hart,2020
The Finest Hours,Craig Gillespie,2016
The Sandlot: Heading Home,William Dear,2007
Bedtime Stories,Adam Shankman,2008
Marvel Studios' Black Panther,Ryan Coogler,2018
101 Dalmatian Street,,2018
Disney Phineas and Ferb: Phineas and Ferb Star Wars,,2014
Shop Class,,2020
Viking Warrior Women,Stuart Strickson,2019
Star Wars Resistance,,2018
Lost Cities With Albert Lin,,2019
Marvel Rising: Operation Shuri,Chris Rutkowski,2019
Marvel Rising: Playing With Fire,Sol Choi,2019
Star Wars: The Clone Wars,,2008
Marvel's Iron Man & Hulk: Heroes United,Leo Riley,2013
Because of Winn-Dixie,Wayne Wang,2005
Fairy Tale Weddings,,2017
"My Dog, the Thief",Robert Stevenson,1969
Splash,Ron Howard,1984
That's So Raven,,2002
Timmy Failure: Mistakes Were Made,Tom McCarthy,2020
Toy Story 4,Josh Cooley,2019
Descendants 3,Kenny Ortega,2019
Around the World in 80 Days,Frank Coraci,2004
Big Business,Jim Abrahams,1988
Lamp Life,Valerie LaPointe,2020
The Lion King,Jon Favreau,2019
Diary of a Future President,,2020
High School Musical: The Musical: The Series: The Sing-Along,,2019
America's National Parks,,2015
Continent 7: Antarctica,,2016
Disney Randy Cunningham: 9th Grade Ninja,,2011
Muppet Babies Show and Tell (Shorts),,2017
The Lodge,,2016
Wild Russia,,2018
Destino,Monfery Dominique,2003
Forky Asks a Question: What is Reading?,Bob Peterson,2020
Loop,Erica Milsom,2020
Marvel's Runaways,,2017
Aladdin (2019),Guy Ritchie,2019
Forky Asks a Question: What is Cheese?,Bob Peterson,2020
Austin & Ally,,2011
Billy Dilley's Super-Duper Subterranean Summer,,2016
Cars Toon: El Materdor,John Lasseter,2008
Cars Toon: Moon Mater,Rob Gibbs,2010
Cars Toon: Rescue Squad Mater,John Lasseter,2010
Cars Toon: Spinning,Jeremy Lasky,2013
Cars Toon: Time Travel Mater,Rob Gibbs,2012
Cars Toon: Tokyo Mater,John Lasseter,2008
Cars Toon: Unidentified Flying Mater,John Lasseter,2010
Cars Toons: Bugged,Jeremy Lasky,2013
Cool Runnings,Jon Turteltaub,1993
Drain Alcatraz,Wayne Abbott,2017
Drain The Bermuda Triangle,Jobim Sampson,2014
Drain The Great Lakes,"Crispin Sadler, Wayne Abbott",2011
Drain The Ocean: WWII,Mike Slee,2016
Drain The Sunken Pirate City,Sophie Harris,2017
Drain The Titanic,Jobim Sampson,2015
First Class Chefs: Family Style,,2015
Hacksaw,Larry Lansburgh,1971
Holes,Andrew Davis,2003
Marvel 75 Years: From Pulp to Pop!,Zak Knutson,2014
Marvel Rising: Battle of The Bands,,2019
One Strange Rock,,2017
Out There with Jack Randall,,2019
Super Rhino,Nathan Greno,2009
The Proud Family,,2001
The Super Hero Squad,,2009
Year Million,,2016
Forky Asks a Question: What is a Pet?,Bob Peterson,2019
Star Wars: The Last Jedi (Episode VIII),Rian Johnson,2017
Forky Asks a Question: What is a Leader?,Bob Peterson,2019
George of the Jungle 2,David Grossman,2003
High School Musical: The Musical: The Series: The Special,Clayton Cogswell,2019
Pick of the Litter,,2019
Togo,Ericson Core,2019
Forky Asks a Question: What is a Computer?,Bob Peterson,2019
Wind,Edwin Chang,2019
Forky Asks a Question: What is Love?,Bob Peterson,2019
One Day at Disney (Shorts),,2019
Marvel Studios' Thor: Ragnarok,Taika Waititi,2017
Disney The Lion Guard,,2015
One Day at Disney,Fritz Mitchell,2019
Disney Star vs. the Forces of Evil,,2014
Expedition Amelia,Chad Cohen,2019
Glory Road,James Gartner,2006
Henry Hugglemonster,,2012
Incredible! The Story of Dr. Pol,,2015
Marvel Rising: Chasing Ghosts,,2019
Marvel Rising: Heart of Iron,,2019
Miles From Tomorrowland,,2014
Sheriff Callie's Wild West,,2011
Supercar Megabuild,,2016
The Incredible Dr. Pol: Blue Ribbon Kids,,2016
Coco,Lee Unkrich,2017
Coco (in Spanish),Lee Unkrich,2017
Forky Asks a Question: What is Time?,Bob Peterson,2019
The Wonderful World of Disney Presents The Little Mermaid Live!,Hamish Hamilton,2019
Forky Asks a Question: What is Art?,Bob Peterson,2019
Mickey Mouse Roadster Racers,,2017
"Happy Birthday, Mickey!",,2019
Forky Asks a Question: What is a Friend?,Bob Peterson,2019
10 Things I Hate About You,Gil Junger,1999
101 Dalmatians,"Wolfgang Reitherman, Hamilton Luske, Clyde Geronimi",1961
101 Dalmatians II: Patch's London Adventure,"Jim Kammerud, Brian Smith",2003
102 Dalmatians,Kevin Lima,2000
12 Dates of Christmas,James Hayman,2011
"20,000 Leagues Under the Sea",Richard Fleischer,1954
A Bug's Life,John Lasseter,1998
A Goofy Movie,Kevin Lima,1995
A Kid in King Arthur's Court,Michael Gottlieb,1995
A Knight for a Day,Jack Hannah,1946
A Ring of Endless Light,Greg Beeman,2002
Aladdin (1992),"Ron Clements, John Musker",1992
Aladdin and the King of Thieves,Tad Stones,1996
Aladdin: The Return of Jafar,"Toby Shelton, Tad Stones, Alan Zaslove",1994
Alice in Wonderland,"Clyde Geronimi, Hamilton Luske, Wilfred Jackson",1951
Aliens of the Deep,"James Cameron, Steven Quale",2005
Alley Cats Strike!,Rod Daniel,2000
Almost Angels,Steve Previn,1962
America's Heart & Soul,Louie Schwartzberg,2004
Amy,Vincent McEveety,1981
An Extremely Goofy Movie,Douglas McCarthy,2000
Andi Mack,,2016
Annie,Rob Marshall,1999
Apollo: Missions To The Moon,Tom Jennings,2019
Atlantis Rising,Simcha Jacobovici,2017
Atlantis: Milo's Return,"Tad Stones, Toby Shelton, Victor Cook",2003
Atlantis: The Lost Empire,"Gary Trousdale, Kirk Wise",2001
Auntie Edna,Ted Mathot,2018
Avatar,James Cameron,2009
Babes in the Woods,Burt Gillett,1932
Babes in Toyland,Jack Donohue,1961
Bambi,David Hand,1942
Bambi II,Brian Pimental,2006
Bao,Domee Shi,2018
Beach Picnic,Clyde Geronimi,1939
Bearly Asleep,Jack Hannah,1955
Beauty and the Beast: Belle's Magical World,Bob Kline,1998
Beauty and the Beast: The Enchanted Christmas,Andy Knight,1997
Beezy Bear,Jack Hannah,1955
Before the Flood,Fisher Stevens,2016
Benji the Hunted,Joe Camp,1987
Best Friends Whenever,,2015
Big City Greens (Shorts),,2017
Big Hero 6,"Don Hall, Chris Williams",2014
Big Hero 6 The Series (Shorts),,2017
Bizarre Dinosaurs,Jenny Kubo,2009
Blank Check,Rupert Wainwright,1994
Boat Builders,Ben Sharpsteen,1938
Bolt,"Chris Williams, Byron Howard",2008
Bone Bandit,Charles Nichols,1948
Bonkers,,1993
Boundin',Bud Luckey,2004
Boy Meets World,,1993
Brave,"Mark Andrews, Brenda Chapman",2012
Brave Little Toaster to the Rescue,Robert Ramirez,1999
Breaking2,Martin Roe,2017
Brink!,Greg Beeman,1998
Brother Bear,"Aaron Blaise, Robert Walker",2003
Brother Bear 2,Benjamin Gluck,2006
Buffalo Dreams,David Jackson,2005
Bug Juice: My Adventures at Camp,,2017
BURN-E,Angus MacLane,2008
Cadet Kelly,Larry Shaw,2002
Camp Nowhere,Jonathan Prince,1994
Camp Rock,Matthew Diamond,2008
Camp Rock 2: The Final Jam,Paul Hoen,2010
Can of Worms,Paul Schneider,1999
Candleshoe,Norman Tokar,1978
Canine Caddy,Clyde Geronimi,1941
Cars,John Lasseter,2006
Cars 2,John Lasseter,2011
Cars 3,Brian Fee,2017
Cars Toon: Air Mater,Rob Gibbs,2011
Cars Toon: Heavy Metal Mater,John Lasseter,2010
Cars Toon: Hiccups,Jeremy Lasky,2013
Cars Toon: Mater Private Eye,Rob Gibbs,2010
Cars Toon: Mater the Greater,John Lasseter,2008
Cars Toon: Monster Truck Mater,John Lasseter,2010
Cars Toon: The Radiator Springs 500 1/2,"Rob Gibbs, Scott Morse",2014
Casebusters,Wes Craven,1986
Cheetah,Jeff Blyth,1989
Chef Donald,Jack King,1941
Chicken Little,Mark Dindal,2005
Chip 'n Dale's Rescue Rangers,,1989
Chip an' Dale,Jack Hannah,1947
Cinderella,"Wilfred Jackson, Hamilton Luske, Clyde Geronimi",1950
Cinderella II: Dreams Come True,John Kafka,2002
Cinderella III: A Twist in Time,Frank Nissen,2007
Clock Cleaners,Ben Sharpsteen,1937
Cloud 9,Paul Hoen,2014
College Road Trip,Roger Kumble,2008
Confessions of a Teenage Drama Queen,Sara Sugarman,2004
Coop & Cami Ask The World (Shorts),,2018
Corn Chips,Jack Hannah,1951
Cow Belles,Francine McDougall,2006
Crash & Bernstein,,2012
Dadnapped,Paul Hoen,2009
Darby O'Gill and the Little People,Robert Stevenson,1959
Darkwing Duck,,1991
Davy Crockett and the River Pirates,Norman Foster,1956
"Davy Crockett, King of the Wild Frontier",Norman Foster,1955
Day & Night,Teddy Newton,2010
Decorating Disney: Holiday Magic,,2017
Deep Blue,"Alastair Fothergill, Andy Byatt",2005
Descendants 2,Kenny Ortega,2017
Diary Of A Wimpy Kid,Thor Freudenthal,2010
Dinosaur,"Ralph Zondag, Eric Leighton",2000
Disney Adventures in Babysitting,John Schultz,2016
Disney Avalon High,Stuart Gillard,2010
Disney Bad Hair Day,Érik Canuel,2015
Disney Bizaardvark,,2015
Disney Den Brother,Mark Taylor,2010
Disney Descendants,Kenny Ortega,2015
Disney Descendants Wicked World (Shorts),,2015
Disney DuckTales (Shorts),,2016
Disney Evermoor,,2017
Disney Family Sundays,,2019
Disney Fast Layne,,2018
Disney Girl vs. Monster,Stuart Gillard,2012
Disney Gravity Falls,,2011
Disney Gravity Falls (Shorts),,2012
Disney Jake and the Never Land Pirates,,2010
Disney JONAS,,2008
Disney Junior Music Nursery Rhymes,,2017
Disney K.C. Undercover,,2014
Disney Lab Rats: Elite Force,,2015
Disney Legend of the Three Caballeros,,2017
Disney Mickey Mouse Clubhouse,,2005
Disney Milo Murphy's Law,,2016
Disney Minnie's Bow-Toons (Shorts),,2011
Disney Stuck In The Middle,,2015
Disney Take Two With Phineas And Ferb (Shorts),,2010
Disney Tangled: The Series - Short Cuts,,2016
Disney Under The Sea: A Descendants Short Story,Hasraf Dulull,2018
Disney's Adventures Of The Gummi Bears,,1985
Disney's Doug,,1996
Disney's Fairy Tale Weddings,Chris Wilson,2017
Disney's Fairy Tale Weddings: Holiday Magic,Chris Wilson,2017
Disney's Hercules: The Animated Series,,1998
Disney's Kim Possible,,2001
Disney's Little Einsteins,,2005
Disney's Mighty Ducks,,1996
Disney's Recess,,1997
Disney's The Emperor's New School,,2005
Disney's The Kid,Jon Turteltaub,2000
Disney's The Little Mermaid (Series),,1992
Disneyland Around the Seasons (Walt Disney's Wonderful World of Color: 1961-69),Hamilton Luske,1966
Disneynature African Cats,Keith Scholey,2011
Disneynature Bears,"Alastair Fothergill, Keith Scholey",2014
Disneynature Born in China,Lu Chuan,2017
Disneynature Chimpanzee,"Alastair Fothergill, Mark Linfield",2012
Disneynature Crimson Wing,"Matthew Aeberhard, Leander Ward",2008
Disneynature Monkey Kingdom,Mark Linfield,2015
Disneynature Wings of Life,Louie Schwartzberg,2011
Dog Whisperer with Cesar Millan,,2004
Don't Look Under the Bed,Kenneth Johnson,1999
Donald's Golf Game,Jack King,1938
Donald's Tire Trouble,Dick Lundy,1943
Double Teamed,Duwayne Dunham,2002
Doug's 1st Movie,Maurice Joyce,1999
"Dr. T, Lone Star Vet",,2019
DuckTales The Movie: Treasure of the Lost Lamp,Bob Hathcock,1990
Dug's Special Mission,Ronnie Del Carmen,2009
Dumbo,Tim Burton,2019
Early to Bed,Jack Kinney,1941
Earth Live,Glenn Weiss,2017
Easter Island Unsolved,Geoff Luck,2018
Eddie's Million Dollar Cook-off,Paul Hoen,2003
Eight Below,Frank Marshall,2006
Elena of Avalor (Shorts),,2017
Emil and the Detectives,Peter Tewksbury,1964
Empire of Dreams: The Story of the Star Wars Trilogy,"Edith Becker, Kevin Burns",2004
Encore!,,2019
Escape to Witch Mountain,John Hough,1975
Even Stevens,,2000
Expedition Mars: Spirit & Opportunity,Mark Davis,2019
Fantasia,"Samuel Armstrong, James Algar, Bill Roberts",1940
Fantasia 2000,"Pixote Hunt, Hendel Butoy, Eric Goldberg",2000
Fantastic Four (Series),,1994
Fantastic Four: World's Greatest Heroes,,2007
Ferdinand the Bull,Dick Rickard,1938
Finding Dory,"Andrew Stanton, Angus MacLane",2016
Finding Nemo,Andrew Stanton,2003
First Kid,David Evans,1996
Flight of the Navigator,Randal Kleiser,1986
Float,Bobby Rubio,2019
Flowers and Trees,Burt Gillett,1932
Flubber,Les Mayfield,1997
Food for Feudin',Charles Nichols,1950
For the Birds,Ralph Eggleston,2001
Forky Asks a Question: What is Money?,Bob Peterson,2019
Frank and Ollie,Theodore Thomas,1995
Frankenweenie (Short),Tim Burton,1984
Freaky Friday,Mark Waters,2003
Free Solo,"Elizabeth Vasarhelyi, Jimmy Chin",2018
Frenemies,Daisy Mayer,2012
Frozen,"Chris Buck, Jennifer Lee",2013
Full-Court Miracle,Stuart Gillard,2003
Fun and Fancy Free,"Jack Kinney, W. Roberts, Hamilton Luske",1947
Fuzzbucket,Mick Garris,1986
Gargoyles,,1994
Geek Charming,Jeffrey Hornaday,2011
Genius,Rod Daniel,1999
George & A.J.,Josh Cooley,2009
Geri's Game,Jan Pinkava,1997
Get a Clue,Maggie Greenwald,2002
Giants of the Deep Blue,Ken Corben,2018
Girl Meets World,,2013
Go Figure,Francine McDougall,2005
Going to the Mat,Stuart Gillard,2004
Good Luck Charlie,,2009
"Good Luck Charlie, It's Christmas!",Arlene Sanford,2011
Goof Troop,,1992
Gotta Kick it Up,Ramon Menendez,2002
Grand Canyonscope,C. Nichols,1954
Grasshopper and the Ants,Wilfred Jackson,1934
Great Migrations,,2010
Greyfriars Bobby,Don Chaffey,1961
Gus,Vincent McEveety,1976
Halloweentown,Duwayne Dunham,1998
Halloweentown High,Mark Dippé,2004
Halloweentown II: Kalabar's Revenge,Mary Lambert,2001
Handy Manny,,2006
Hannah Montana,,2005
Hannah Montana and Miley Cyrus: Best of Both Worlds Concert,Bruce Hendricks,2008
Hannah Montana The Movie,Peter Chelsom,2009
Hatching Pete,Stuart Gillard,2009
Hawaiian Holiday,Ben Sharpsteen,1937
Heavyweights,Steven Brill,1995
Herbie Goes Bananas,Vincent McEveety,1980
Herbie Goes to Monte Carlo,Vincent McEveety,1977
Herbie Rides Again,Robert Stevenson,1974
Hercules,"John Musker, Ron Clements",1997
High School Musical,Kenny Ortega,2006
High School Musical 2,Kenny Ortega,2007
High School Musical 3: Senior Year,Kenny Ortega,2008
High School Musical: The Musical: The Series,,2019
Hocus Pocus,Kenny Ortega,1993
Home on the Range,"Will Finn, John Sanford",2004
"Honey, I Blew Up the Kid",Randal Kleiser,1992
"Honey, I Shrunk the Kids",Joe Johnston,1989
"Honey, We Shrunk Ourselves",Dean Cundey,1997
Horse Sense,Greg Beeman,1999
Hostile Planet,,2019
Hounded,Neal Israel,2001
How Dogs Got Their Shapes,,2016
How to Build a Better Boy,Paul Hoen,2014
How to Fish,Jack Kinney,1942
How to Swim,Jack Kinney,1942
Hulk and the Agents of S.M.A.S.H.,,2012
I'll Be Home for Christmas,Arlene Sanford,1998
Ice Age: The Great Egg-Scapade,Ricardo Curtis,2016
Ice Princess,Tim Fywell,2005
Inner Workings,Leo Matsuda,2016
Inside Out,Pete Docter,2015
Inspector Gadget,David Kellogg,1999
Inspector Gadget 2,Alex Zamm,2003
Into the Grand Canyon,Pete McBride,2019
Into the Okavango,Neil Gelinas,2018
Invincible,Ericson Core,2006
Invisible Sister,Paul Hoen,2015
Iron Man (Series),,1994
Iron Man Armored Adventures,,2008
Iron Will,Charles Haid,1994
Jack,Francis Coppola,1996
Jack-Jack Attack,Brad Bird,2005
James and the Giant Peach,Henry Selick,1996
Jane,Brett Morgen,2017
Jessie,,2011
Jingle Pols,,2013
Johnny Kapahala: Back on Board,Eric Bross,2007
Johnny Tsunami,Steve Boyum,1999
Jonas Brothers: The Concert Experience,Bruce Hendricks,2009
Journey to Shark Eden,,2010
Journey to the Center of the Earth,Henry Levin,1959
Jump In!,Paul Hoen,2007
Jumping Ship,Michael Lange,2001
Jungle 2 Jungle,John Pasquin,1997
Jungle Cat,James Algar,1960
Kazaam,Paul Glaser,1996
Kickin' It,,2010
Kim Possible,"Adam Stein, Zach Lipovsky",2019
Kim Possible Movie: So the Drama,Steve Loter,2005
Kingdom of the Apes: Battle Lines,,2017
Kingdom of the Blue Whale,,2009
Kingdom of the White Wolf,,2019
Kitbull,Rosana Sullivan,2019
Knick Knack Theatrical Short,John Lasseter,2003
Kronk's New Groove,"Elliot Bour, Saul Blinkoff",2005
La Luna,Enrico Casarosa,2012
Lab Rats,,2011
Lady and the Tramp,Charlie Bean,2019
Lava,James Murphy,2015
LEGO Disney Frozen: Northern Lights (Shorts),,2016
LEGO Star Wars: All Stars,,2018
LEGO Star Wars: All Stars (Shorts),,2018
LEGO Star Wars: Droid Tales,,2014
LEGO Star Wars: Resistance Rises (Shorts),,2015
LEGO Star Wars: The Freemaker Adventures,,2015
LEGO Star Wars: The Freemaker Adventures (Shorts),,2016
LEGO Star Wars: The New Yoda Chronicles - Clash of the Skywalkers,Michael Hegner,2014
LEGO Star Wars: The New Yoda Chronicles - Raid on Coruscant,Michael Hegner,2014
LEGO Star Wars: The New Yoda Chronicles – Duel of the Skywalkers,Michael Hegner,2014
LEGO Star Wars: The New Yoda Chronicles – Escape from the Jedi Temple,Michael Hegner,2014
LEGO Star Wars: The New Yoda Chronicles – Race for the Holocrons,Michael Hegner,2014
Lemonade Mouth,Patricia Riggen,2011
Lend a Paw,Clyde Geronimi,1941
Leroy & Stitch,"Roberts Gannaway, Tony Craig",2006
Let it Shine,Paul Hoen,2012
Life is Ruff,Charles Haid,2005
Life With Mikey,James Lapine,1993
Life-Size 2,Steven Tsuchida,2018
Lifted,Gary Rydstrom,2006
Lilo & Stitch,"Christopher Sanders, Dean DeBlois",2002
Lilo & Stitch 2: Stitch Has a Glitch,"Tony Leondis, Michael LaBash",2005
Lizzie McGuire,,2000
Lonesome Ghosts,Burt Gillett,1937
Lost Treasures of the Maya,,2018
Lou,Dave Mullins,2017
Luck of the Irish,Paul Hoen,2001
Luxo Jr.,,1986
Magician Mickey,David Hand,1937
Mail Dog,Charles Nichols,1947
Man Among Cheetahs,,2017
Mars: Inside SpaceX,Julia Reagan,2018
Marvel Comics X-Men,,1992
Marvel Rising: Initiation (Shorts),,2017
Marvel Rising: Secret Warriors,Alfred Gimeno,2018
Marvel Studios: Assembling A Universe,,2014
Marvel Studios: Expanding the Universe,,2019
Marvel Studios' Ant-Man,Peyton Reed,2015
Marvel Studios' Avengers: Age of Ultron,Joss Whedon,2015
Marvel Studios' Avengers: Endgame,"Anthony Russo, Joe Russo",2019
Marvel Studios' Captain America: Civil War,"Anthony Russo, Joe Russo",2016
Marvel Studios' Captain America: The First Avenger,Joe Johnston,2011
Marvel Studios' Captain America: The Winter Soldier,"Anthony Russo, Joe Russo",2014
Marvel Studios' Captain Marvel,"Anna Boden, Ryan Fleck",2019
Marvel Studios' Doctor Strange,Scott Derrickson,2016
Marvel Studios' Guardians of the Galaxy,James Gunn,2014
Marvel Studios' Guardians of the Galaxy Vol. 2,James Gunn,2017
Marvel Studios' Iron Man,Jon Favreau,2008
Marvel Studios' Iron Man 2,Jon Favreau,2010
Marvel Studios' Iron Man 3,Shane Black,2013
Marvel Studios' The Avengers,Joss Whedon,2012
Marvel Studios' Thor,Kenneth Branagh,2011
Marvel Studios' Thor: The Dark World,Alan Taylor,2013
Marvel Ultimate Spider-Man,,2011
Marvel's Agent Carter,,2014
Marvel's Ant-Man (Shorts),,2016
Marvel's Avengers Assemble,,2012
Marvel's Avengers: Secret Wars (Shorts),,2016
Marvel's Guardians of the Galaxy (Series),,2015
Marvel's Guardians of the Galaxy (Shorts),,2014
Marvel's Hero Project,,2019
Marvel's Inhumans,,2017
Marvel's Rocket & Groot (Shorts),,2016
Marvel's Ultimate Comics,,2016
Mary Poppins,Robert Stevenson,1964
Mater and the Ghostlight,John Lasseter,2006
Meet the Deedles,Steve Boyum,1998
Meet the Robinsons,Stephen Anderson,2007
Melody Time,"Clyde Geronimi, Jack Kinney, Hamilton Luske",1948
Mickey Down Under,Charles Nichols,1948
Mickey Mouse (Shorts),,2012
Mickey Mouse Club (1955-59),,1955
"Mickey, Donald, Goofy: The Three Musketeers",Donovan Cook,2004
Mickey's Birthday Party,Riley Thomson,1942
Mickey's Christmas Carol,Burny Mattinson,1983
Mickey's Delayed Date,Charles Nichols,1947
Mickey's Once Upon a Christmas,"Bradley Raymond, Jun Falkenstein, Bill Speers",1999
Mickey's Rival,"Wilfred Jackson, Walt Disney",1936
Mickey's Trailer,Ben Sharpsteen,1938
Mickey's Twice Upon a Christmas,Matthew O'Callaghan,2004
Mighty Joe Young,Ron Underwood,1998
Mike's New Car,"Pete Docter, Roger Gould",2002
Minutemen,Lev Spiro,2008
Miracle,Gavin O'Connor,2004
Miracle at Midnight,Ken Cameron,1998
Miracle in Lane 2,Greg Beeman,2000
Miracle Landing on the Hudson,,2014
Mission to the Sun,Daniel Smith,2018
Moana,"John Musker, Ron Clements",2016
Mom's Got a Date With a Vampire,Stephen Boyum,2000
Monsters University,Dan Scanlon,2013
"Monsters, Inc.",Pete Docter,2001
Motocrossed,Steve Boyum,2001
Mr. Boogedy,Oz Scott,1986
Mr. Duck Steps Out,Jack King,1940
Mr. Mouse Takes a Trip,Clyde Geronimi,1940
Mulan II,"Darrell Rooney, Lynne Southerland",2005
Muppet Moments (Shorts),,2014
Muppet Treasure Island,Brian Henson,1996
Muppets Most Wanted,James Bobin,2014
My Favorite Martian,Donald Petrie,1999
My Friends Tigger & Pooh,,2006
National Treasure: Book of Secrets,Jon Turteltaub,2007
Newsies,Kenny Ortega,1992
Newsies: The Broadway Musical,"Jeff Calhoun, Brett Sullivan",2017
Noelle,Marc Lawrence,2019
Now You See It,Duwayne Dunham,2005
Olaf's Frozen Adventure,"Stevie Wermers-Skelton, Kevin Deters",2017
Old Yeller,Robert Stevenson,1957
Oliver & Company,George Scribner,1988
Once Upon a Mattress,Kathleen Marshall,2005
One Magic Christmas,Phillip Borsos,1985
One Man Band,"Mark Andrews, Andrew Jimenez",2006
Operation Dumbo Drop,Simon Wincer,1995
Origins: The Journey of Humankind,,2016
Out of the Box,,1998
Paris To Pittsburgh,"Sidney Beaumont, Michael Bonfiglio",2018
Partly Cloudy,Peter Sohn,2009
Party Central,Kelsey Mann,2014
Perri,"N. Paul Kenworthy, Ralph Wright",1957
Pete's Dragon,David Lowery,2016
Peter Pan,"Hamilton Luske, Clyde Geronimi, Wilfred Jackson",1953
Peter Pan: Return to Never Land,Robin Budd,2002
Phantom of the Megaplex,Blair Treu,2000
Phil of the Future,,2003
Phineas and Ferb,,2007
Phineas and Ferb the Movie: Across the 2nd Dimension,"Dan Povenmire, Robert Hughes",2011
Phineas and Ferb: Mission Marvel,"Robert Hughes, Sue Perrotto",2013
Piglet's Big Movie,Francis Glebas,2003
Pinocchio,"Ben Sharpsteen, Hamilton Luske",1940
Piper,Alan Barillaro,2016
Pirates of the Caribbean: At World's End,Gore Verbinski,2007
Pirates of the Caribbean: Dead Man's Chest,Gore Verbinski,2006
Pirates of the Caribbean: The Curse of the Black Pearl,Gore Verbinski,2003
Pixar In Real Life,,2019
Pixel Perfect,Mark Dippé,2004
Planet of the Birds,,2018
Pluto and the Gopher,Charles Nichols,1950
Pluto's Christmas Tree,Jack Hannah,1952
Pluto's Surprise Package,Charles Nichols,1949
Pluto's Sweater,Charles Nichols,1949
Pocahontas,"Mike Gabriel, Eric Goldberg",1995
Pocahontas II: Journey to a New World,"Bradley Raymond, Tom Ellery",1998
Pollyanna,David Swift,1960
Pooh's Grand Adventure: The Search for Christopher Robin,Karl Geurs,1997
Pooh's Heffalump Movie,Frank Nissen,2005
Presto,Doug Sweetland,2008
Princess Protection Program,Allison Liddi-Brown,2009
Purl,Kristen Lester,2019
Quack Pack,,1996
Queen of Katwe,Mira Nair,2016
Quints,Bill Corcoran,2000
Ratatouille,Brad Bird,2007
Read It and Weep,Paul Hoen,2006
Ready to Run,Duwayne Dunham,2000
Recess: All Growed Down,"Howy Parkins, Chuck Sheetz",2003
Recess: School's Out,Chuck Sheetz,2001
Recess: Taking the 5th Grade,Howy Parkins,2003
Red's Dream,John Lasseter,1987
Remember the Titans,Boaz Yakin,2000
Rescue Dog,Charles Nichols,1947
Return from Witch Mountain,John Hough,1978
Return to Halloweentown,David Jackson,2006
Return to Oz,Walter Murch,1985
Richie Rich's Christmas Wish,John Murlowski,1998
Right on Track,Duwayne Dunham,2003
Riley’s First Date?,Josh Cooley,2015
Rip Girls,Joyce Chopra,2000
Robin Hood,Wolfgang Reitherman,1973
Rocky Mountain Animal Rescue,,2018
Rogue One: A Star Wars Story,Gareth Edwards,2016
Roving Mars,George Butler,2006
Ruby Bridges,Euzhan Palcy,1998
Sacred Planet,Jon Long,2004
Saludos Amigos,"Bill Roberts, Jack Kinney, Ham Luske",1943
"Sammy, The Way-Out Seal",Norman Tokar,1962
Sanjay's Super Team,Sanjay Patel,2015
Santa Paws 2: The Santa Pups,Robert Vince,2012
Santa's Workshop,Wilfred Jackson,1932
Saving Mr. Banks,John Hancock,2013
Science Fair,"Cristina Costantini, Darren Foster",2018
Sea of Hope: America's Underwater Treasures,Robert Nixon,2017
Secret of The Wings,Peggy Holmes,2012
Secretariat,Randall Wallace,2010
Secrets of Christ's Tomb: Explorer Special,Bob Strange,2017
Secrets of Life,James Algar,1956
Secrets of the King Cobra,,2012
Shake It Up,,2010
Sharks of Lost Island,,2013
Sharpay's Fabulous Adventure,Michael Lembeck,2011
Shipwrecked,Nils Gaup,1991
Silver Surfer,,1997
Simpsons Movie,David Silverman,2007
Sister Act,Emile Ardolino,1992
Sister Act 2: Back in the Habit,Bill Duke,1993
Skyrunners,Ralph Hemecker,2009
Sleeping Beauty,Clyde Geronimi,1959
Smart House,LeVar Burton,1999
Smash and Grab,Brian Larsen,2019
Snow White and The Seven Dwarfs,David Hand,1937
Snowball Express,Norman Tokar,1972
Snowglobe,Ron Lagomarsino,2007
So Weird,,1999
Society Dog Show,Bill Roberts,1939
Spider-Man (Shorts),,2016
Spider-Man and His Amazing Friends,,1982
Spider-Man Unlimited,,1999
Spider-Woman,,1979
Star Wars Forces of Destiny (Shorts),,2016
Star Wars Rebels,,2014
Star Wars Rebels (Shorts),,2014
Star Wars: A New Hope (Episode IV),George Lucas,1977
Star Wars: Attack of the Clones (Episode II),George Lucas,2002
Star Wars: Blips,,2019
Star Wars: Return of the Jedi (Episode VI),Richard Marquand,1983
Star Wars: Revenge of the Sith (Episode III),George Lucas,2005
Star Wars: The Empire Strikes Back (Episode V),Irvin Kershner,1980
Star Wars: The Force Awakens (Episode VII),J.J. Abrams,2015
Star Wars: The Phantom Menace (Episode I),George Lucas,1999
Starstruck,Michael Grossman,2010
Steamboat Willie,"Walt Disney, Ub Iwerks",1928
Stepsister from Planet Weird,Steve Boyum,2000
Stitch! The Movie,"Tony Craig, Bobs Gannaway",2003
Stonehenge Decoded: Secrets Revealed,Christopher Spencer,2008
Stuck in the Suburbs,Savage Holland,2004
Sultan and the Rock Star,Ed Abroms,1980
Super Buddies,Robert Vince,2013
Swiss Family Robinson,Edward Ludwig,1940
TaleSpin,,1990
Tall Tale,Jeremiah Chechik,1995
Tangled,"Nathan Greno, Byron Howard",2010
Tangled Before Ever After,"Tom Caulfield, Stephen Sandoval",2017
Tarzan & Jane,Steve Loter,2002
Teacher's Pet,Timothy Björklund,2004
Teen Beach 2,Jeffrey Hornaday,2015
Teen Beach Movie,Jeffrey Hornaday,2013
Teen Spirit,Gil Junger,2011
That Darn Cat,Bob Spiers,1997
That Darn Cat!,Robert Stevenson,1965
The Absent-Minded Professor,Robert Stevenson,1961
The Adventures of André & Wally B.,Alvy Smith,1984
The Adventures of Bullwhip Griffin,James Neilson,1967
The Adventures of Huck Finn,Stephen Sommers,1993
The Adventures of Ichabod and Mr. Toad,"Jack Kinney, Clyde Geronimi, James Algar",1949
The Adventures of Spin and Marty,,1955
The African Lion,James Algar,1955
The Apple Dumpling Gang,Norman Tokar,1975
The Apple Dumpling Gang Rides Again,Vincent McEveety,1979
The Aristocats,Wolfgang Reitherman,1970
The Art of Skiing,Jack Kinney,1941
The Avengers: Earth's Mightiest Heroes,,2010
The Avengers: United They Stand,,1999
The Band Concert,"Wilfred Jackson, Walt Disney",1935
The Bears and I,Bernard McEveety,1974
The Big Bad Wolf,Burt Gillett,1934
The Biscuit Eater,Vincent McEveety,1972
The Black Cauldron,"Ted Berman, Richard Rich",1985
The Black Hole,Gary Nelson,1979
The Blue Umbrella,Saschka Unseld,2013
The Book of Once Upon a Time,,2014
The Book of Pooh,,2000
The Brave Little Toaster Goes to Mars,Robert Ramirez,1998
The Castaway Cowboy,Vincent McEveety,1974
The Cheetah Girls,Oz Scott,2003
The Cheetah Girls 2,Kenny Ortega,2006
The Cheetah Girls: One World,Paul Hoen,2008
The Christmas Star,Alan Shapiro,1986
The Chronicles of Narnia: Prince Caspian,Andrew Adamson,2008
"The Chronicles of Narnia: The Lion, the Witch and the Wardrobe",Andrew Adamson,2005
The Color of Friendship,Kevin Hooks,2000
The Computer Wore Tennis Shoes,Robert Butler,1969
The Country Bears,Peter Hastings,2002
The Emperor's New Groove,Mark Dindal,2000
The Even Stevens Movie,Sean McNamara,2003
The Flood,Brad Bestelink,2018
The Fox and the Hound,"Art Stevens, Ted Berman, Richard Rich",1981
The Fox and the Hound 2,Jim Kammerud,2006
The Game Plan,Andy Fickman,2007
The Ghosts of Buxley Hall,Bruce Bilson,1980
The Goddess of Spring,Wilfred Jackson,1934
The Golden Touch,Walt Disney,1935
The Good Dinosaur,Peter Sohn,2015
The Great Muppet Caper,Jim Henson,1981
The Greatest Game Ever Played,Bill Paxton,2005
The Haunted Mansion,Rob Minkoff,2003
The Hockey Champ,Jack King,1939
The Hunchback of Notre Dame,"Gary Trousdale, Kirk Wise",1996
The Hunchback of Notre Dame II,Bradley Raymond,2002
The Imagineering Story,,2019
The Incredible Journey,Fletcher Markle,1963
The Incredibles,Brad Bird,2004
The Journey of Natty Gann,Jeremy Kagan,1985
The Jungle Book 2,Steve Trenbirth,2003
The Jungle Book: Mowgli's Story,Nick Marck,1998
The Legend of Mor'du,Brian Larsen,2012
The Lion King 1 1/2,Bradley Raymond,2004
The Lion King 2: Simba's Pride,Darrell Rooney,1998
The Little Mermaid,"Ron Clements, John Musker",1989
The Little Mermaid II:  Return to the Sea,Jim Kammerud,2000
The Little Mermaid:  Ariel's Beginning,Peggy Holmes,2008
The Little Whirlwind,Riley Thomas,1941
The Living Desert,James Algar,1953
The Lizzie McGuire Movie,Jim Fall,2003
The Lost Tomb of Alexander the Great,Duncan Singh,2019
The Love Bug (1969),Robert Stevenson,1969
The Many Adventures of Winnie the Pooh,"Wolfgang Reitherman, John Lounsbery",1977
The Million Dollar Duck,Vincent McEveety,1971
The Mistle-Tones,Paul Hoen,2012
The Muppet Christmas Carol,Brian Henson,1992
The Muppet Movie,James Frawley,1979
The Muppets,James Bobin,2011
The Muppets (Series),,2015
The New Adventures of Winnie the Pooh,,1988
The Old Mill,Wilfred Jackson,1937
The Olympic Champ,Jack Kinney,1942
The Parent Trap,Nancy Meyers,1998
The Parent Trap (1961),David Swift,1961
The Pied Piper,Wilfred Jackson,1933
The Plausible Impossible (Disneyland: 1954-58),"Wilfred Jackson, William Beaudine",1956
The Poof Point,Neal Israel,2001
The Prince and the Pauper,Don Chaffey,1962
The Princess and the Frog,"John Musker, Ron Clements",2009
The Princess Diaries,Garry Marshall,2001
The Princess Diaries 2: Royal Engagement,Garry Marshall,2004
The Proud Family Movie,Bruce Smith,2005
The Reluctant Dragon,Alfred Werker,1941
The Replacements,,2006
The Rescuers,"Wolfgang Reitherman, John Lounsbery, Art Stevens",1977
The Rescuers Down Under,"Hendel Butoy, Mike Gabriel",1990
The Rookie,John Hancock,2002
The Santa Clause,John Pasquin,1994
The Santa Clause 2,Michael Lembeck,2002
The Santa Clause 3: The Escape Clause,Michael Lembeck,2006
The Scream Team,Stuart Gillard,2002
The Secret of the Magic Gourd,"朱家欣 , 钟智行",2009
The Shaggy D.A.,Robert Stevenson,1976
The Shaggy Dog,Charles Barton,1959
The Sign of Zorro,"Lewis Foster, Norman Foster",1960
The Simple Things,Charles Nichols,1953
The Sound of Music,Robert Wise,1965
The Story of Robin Hood And His Merrie Men,Ken Annakin,1952
The Strongest Man in the World,Vincent McEveety,1975
The Suite Life Movie,Sean McNamara,2011
The Suite Life of Zack & Cody,,2004
The Suite Life On Deck,,2008
The Swap,Jay Karas,2016
The Thirteenth Year,Duwayne Dunham,1999
The Three Caballeros,"Norman Ferguson, Clyde Geronimi, Jack Kinney",1945
The Three Musketeers,Stephen Herek,1993
The Tigger Movie,Jun Falkenstein,2000
The Tortoise and the Hare,Wilfred Jackson,1935
The Ugly Dachshund,Norman Tokar,1966
The Ugly Duckling,Jack Cutting,1939
The Ultimate Christmas Present,Greg Beeman,2000
The Vanishing Prairie,James Algar,1954
The Wild,Steve Williams,2006
The Wise Little Hen,Wilfred Jackson,1934
The Wizards Return: Alex vs. Alex,Victor Gonzalez,2013
The World According to Jeff Goldblum,,2019
The Young Black Stallion,Simon Wincer,2003
Three Blind Mouseketeers,Dave Hand,1936
Three Days,Michael Switzer,2001
Three Little Pigs,Burt Gillett,1933
Three Little Wolves,Dave Hand,1936
Three Men and a Baby,Leonard Nimoy,1987
Three Men and a Little Lady,Emile Ardolino,1990
Thru the Mirror,Dave Hand,1936
Tiger Cruise,Duwayne Dunham,2004
Tim Burton’s The Nightmare Before Christmas,Henry Selick,1993
Timon & Pumbaa,,1995
Tin Toy,John Lasseter,1988
Tinker Bell,Bradley Raymond,2008
Tinker Bell and the Great Fairy Rescue,Bradley Raymond,2010
Tinker Bell and the Lost Treasure,Klay Hall,2009
Titanic: 20 Years Later With James Cameron,Thomas Grane,2017
Toby Tortoise Returns,Wilfred Jackson,1936
Tom and Huck,Peter Hewitt,1995
Toy Story,John Lasseter,1995
Toy Story 2,John Lasseter,1999
Toy Story 3,Lee Unkrich,2010
Toy Story Toons: Hawaiian Vacation,Gary Rydstrom,2011
Toy Story Toons: Partysaurus Rex,Mark Walsh,2012
Toy Story Toons: Small Fry,Angus MacLane,2011
Trail of the Panda,Zhong Yu,2009
Trailer Horn,Jack Hannah,1950
Treasure Island,Byron Haskin,1950
Treasure of Matecumbe,Vincent McEveety,1976
Treasure Planet,"John Musker, Ron Clements",2002
Tree Climbing Lions,,2018
Tron,Steven Lisberger,1982
Tru Confessions,Paul Hoen,2002
Tuck Everlasting,Jay Russell,2002
Tugboat Mickey,Clyde Geronimi,1940
Twas the Night,Nick Castle,2001
Twitches,Stuart Gillard,2005
Twitches Too,Stuart Gillard,2007
Unidentified Flying Oddball,Russ Mayberry,1979
Up,Pete Docter,2009
"Up, Up and Away",Robert Townsend,2000
Valiant,Gary Chapman,2005
Waking Sleeping Beauty,Don Hahn,2010
WALL-E,Andrew Stanton,2008
Wendy Wu: Homecoming Warrior,John Laing,2006
Whispers: An Elephant's Tale,Dereck Joubert,2000
White Fang,Randal Kleiser,1991
Who Framed Roger Rabbit,Robert Zemeckis,1988
Wild Yellowstone,,2015
Winged Seduction: Birds of Paradise,Molly Hermann,2012
Winnie the Pooh,"Stephen Anderson, Don Hall",2011
Winnie the Pooh: A Very Merry Pooh Year,"Ed Wexler, Gary Katona, Jamie Mitchell",2002
Winnie the Pooh: Springtime with Roo,"Elliot Bour, Saul Blinkoff",2004
Winter Storage,Jack Hannah,1949
Wizards of Waverly Place,,2007
Wizards of Waverly Place: The Movie,Lev L. Spiro,2009
Wolverine and The X-Men,,2008
World's Greatest Dogs,,2015
Wreck-It Ralph,Rich Moore,2012
X-Men: Evolution,,2000
Ye Olden Days,Bert Gillett,1933
Yellowstone Cubs,Charles Draper,1963
You Lucky Dog,Paul Schneider,1998
You Wish!,Paul Hoen,2003
Your Friend the Rat,Jim Capobianco,2007
Z-O-M-B-I-E-S,Paul Hoen,2018
Zapped,Peter DeLuise,2014
Zenon: Girl of the 21st Century,Kenneth Johnson,1999
Zenon: The Zequel,Manny Coto,2001
Zenon: Z3,Steve Rash,2004
Zootopia,"Byron Howard, Rich Moore",2016
Bedknobs and Broomsticks,Robert Stevenson,1971
Blackbeard's Ghost,Robert Stevenson,1968
Brave Little Tailor,Bill Roberts,1938
Justin Morgan had a Horse,Hollingsworth Morse,1972
Lady and the Tramp II: Scamp's Adventure,Darrell Rooney,2001
Smart Guy,,1996
The Cat from Outer Space,Norman Tokar,1978
The Great Mouse Detective,"John Musker, Ron Clements, Dave Michener",1986
The Sword in the Stone,Wolfgang Reitherman,1963
Those Calloways,Norman Tokar,1965
Disney Kirby Buckets,,2014
Disney Mech-X4,,2016
Imagination Movers,,2008
Tomorrowland,Brad Bird,2015
Aquamarine,Elizabeth Allen Rosenbaum,2006
Ice Age: Dawn Of The Dinosaurs,Carlos Saldanha,2009
X-Men Origins: Wolverine,Gavin Hood,2009
Night at the Museum: Battle of the Smithsonian,Shawn Levy,2009
Eddie the Eagle,Dexter Fletcher,2016
Bend It Like Beckham,Gurinder Chadha,2003
Captain Sparky vs. The Flying Saucers,Mark Waring,2012
