imdb_id,awards,released,awards_id
tt0115433,Nominated for 1 BAFTA Film Award3 wins & 10 nominations total,27 Nov 1996,aw00
tt0211181,Nominated for 1 Oscar. 1 win & 8 nominations total,22 Nov 2000,aw01
tt0103594,2 nominations,09 Oct 1992,aw02
tt0046672,Won 2 Oscars. 5 wins & 3 nominations total,20 Jul 1955,aw03
tt0307901,4 wins & 17 nominations,10 Jan 2003,aw04
tt0094137,2 wins & 1 nomination,25 Nov 1987,aw05
tt0098966,2 nominations,21 Nov 1990,aw06
tt0103596,1 nomination,07 Aug 1992,aw07
tt0109015,3 nominations,06 May 1994,aw08
tt2800050,1 win & 1 nomination,29 Apr 2016,aw09
tt0120623,Nominated for 1 Oscar. 14 wins & 21 nominations total,25 Nov 1998,aw010
tt0120633,Nominated for 2 Oscars. 5 wins & 10 nominations total,08 Jan 1999,aw011
tt0106868,,12 Mar 1993,aw012
tt0113198,5 nominations,07 Apr 1995,aw013
tt0104376,,21 Aug 1992,aw014
tt0113538,1 nomination,11 Aug 1995,aw015
tt0391304,1 win & 3 nominations,22 Apr 2005,aw016
tt0110399,1 nomination,23 Nov 1994,aw017
tt0114210,,28 Apr 1995,aw018
tt0111194,2 nominations,02 Sep 1994,aw019
tt0105483,1 win & 3 nominations,17 Jul 1992,aw020
tt0120323,2 wins & 1 nomination,19 Sep 1997,aw021
tt1620680,5 wins & 15 nominations,09 Mar 2018,aw022
tt0092513,2 wins & 4 nominations,03 Jul 1987,aw023
tt1223236,3 nominations,22 Apr 2011,aw024
tt0118570,4 wins & 3 nominations,01 Aug 1997,aw025
tt0103639,Won 2 Oscars. 32 wins & 22 nominations total,25 Nov 1992,aw026
tt1698641,1 win & 8 nominations,10 Oct 2014,aw027
tt2567026,4 wins & 20 nominations,27 May 2016,aw028
tt1014759,Won 2 Oscars. 35 wins & 63 nominations total,05 Mar 2010,aw029
tt0417415,,25 Aug 2005,aw030
tt0106246,1 win & 1 nomination,15 Jan 1993,aw031
tt0082017,2 nominations,20 Mar 1981,aw032
tt0118604,3 wins & 1 nomination,25 Dec 1997,aw033
tt0097579,,06 Oct 1989,aw034
tt0109127,1 win & 4 nominations,15 Jul 1994,aw035
tt0109129,1 nomination,04 Mar 1994,aw036
tt0417433,,27 Jan 2006,aw037
tt0106292,1 nomination,23 Jul 1993,aw038
tt0478970,Nominated for 1 BAFTA Film Award4 wins & 34 nominations total,17 Jul 2015,aw039
tt5095030,2 wins & 21 nominations,06 Jul 2018,aw040
tt0472043,Nominated for 3 Oscars. 9 wins & 23 nominations total,08 Dec 2006,aw041
tt0099052,2 wins & 5 nominations,18 Jul 1990,aw042
tt0120591,Nominated for 4 Oscars. 15 wins & 40 nominations total,01 Jul 1998,aw043
tt0327437,2 wins & 2 nominations,16 Jun 2004,aw044
tt0106315,,22 Jan 1993,aw045
tt0230011,2 wins & 14 nominations,15 Jun 2001,aw046
tt2395427,8 wins & 51 nominations,01 May 2015,aw047
tt4154796,Nominated for 1 Oscar. 70 wins & 132 nominations total,26 Apr 2019,aw048
tt4154756,Nominated for 1 Oscar. 46 wins & 79 nominations total,27 Apr 2018,aw049
tt0054649,Nominated for 2 Oscars. 1 win & 6 nominations total,14 Dec 1961,aw050
tt0088760,1 nomination,22 Mar 1985,aw051
tt0112443,,20 Jan 1995,aw052
tt0094715,Nominated for 1 Oscar. 1 win & 6 nominations total,13 Jan 1989,aw053
tt2458776,2 nominations,18 Apr 2014,aw054
tt0101414,Won 2 Oscars. 31 wins & 32 nominations total,22 Nov 1991,aw055
tt0407569,,08 Oct 2002,aw056
tt0066817,Won 1 Oscar. 2 wins & 5 nominations total,13 Dec 1971,aw057
tt0960731,3 wins & 5 nominations,25 Dec 2008,aw058
tt0115645,,23 Feb 1996,aw059
tt0120603,Nominated for 1 Oscar. 3 wins & 24 nominations total,16 Oct 1998,aw060
tt0092638,1 win & 1 nomination,19 Jun 1987,aw061
tt0099128,3 nominations,22 Jun 1990,aw062
tt1014775,3 wins & 6 nominations,03 Oct 2008,aw063
tt0182789,Nominated for 1 Oscar. 2 wins & 8 nominations total,17 Dec 1999,aw064
tt0094739,1 win & 1 nomination,10 Jun 1988,aw065
tt2245084,Won 1 Oscar. 17 wins & 58 nominations total,07 Nov 2014,aw066
tt0246464,,05 Apr 2002,aw067
tt0101453,3 nominations,01 Nov 1991,aw068
tt1825683,Won 3 Oscars. 115 wins & 281 nominations total,16 Feb 2018,aw069
tt3480822,8 wins & 28 nominations,09 Jul 2021,aw070
tt0062737,,08 Feb 1968,aw071
tt0103827,,06 Mar 1992,aw072
tt0109287,,11 Feb 1994,aw073
tt0096943,Nominated for 1 Oscar. 1 win & 3 nominations total,13 Dec 1989,aw074
tt0397892,Nominated for 1 Oscar. 1 win & 32 nominations total,21 Nov 2008,aw075
tt0055807,Nominated for 2 Oscars. 2 nominations total,17 May 1962,aw076
tt0106466,1 nomination,26 Mar 1993,aw077
tt11155970,,29 Aug 2017,aw078
tt0115742,,10 May 1996,aw079
tt1217209,Won 1 Oscar. 20 wins & 48 nominations total,22 Jun 2012,aw080
tt0120618,1 nomination,18 Feb 1999,aw081
tt3682448,Won 1 Oscar. 30 wins & 103 nominations total,16 Oct 2015,aw082
tt0398808,6 wins & 5 nominations,16 Feb 2007,aw083
tt0305669,4 wins & 13 nominations,07 Mar 2003,aw084
tt0328880,Nominated for 1 Oscar. 2 wins & 22 nominations total,01 Nov 2003,aw085
tt0258470,1 nomination,24 Aug 2001,aw086
tt0109361,2 nominations,07 Jan 1994,aw087
tt0337909,2 wins & 16 nominations,01 Jan 2004,aw088
tt0109369,,26 Aug 1994,aw089
tt0092718,1 win & 3 nominations,14 Aug 1987,aw090
tt3498820,16 wins & 73 nominations,06 May 2016,aw091
tt1843866,Nominated for 1 Oscar. 5 wins & 52 nominations total,04 Apr 2014,aw092
tt4154664,9 wins & 56 nominations,08 Mar 2019,aw093
tt0103924,2 nominations,18 Sep 1992,aw094
tt0317219,Nominated for 2 Oscars. 28 wins & 34 nominations total,09 Jun 2006,aw095
tt1216475,1 win & 19 nominations,24 Jun 2011,aw096
tt3606752,1 win & 24 nominations,16 Jun 2017,aw097
tt0402894,5 wins & 3 nominations,06 Jan 2006,aw098
tt0115851,,19 Apr 1996,aw099
tt0097053,1 nomination,18 Aug 1989,aw0100
tt0371606,4 wins & 15 nominations,04 Nov 2005,aw0101
tt1222815,2 nominations,20 Apr 2012,aw0102
tt4575576,Nominated for 1 Oscar. 2 wins & 13 nominations total,03 Aug 2018,aw0103
tt0042332,Nominated for 3 Oscars. 6 wins & 7 nominations total,04 Mar 1950,aw0104
tt0094889,5 wins & 6 nominations,29 Jul 1988,aw0105
tt2380307,Won 2 Oscars. 109 wins & 40 nominations total,22 Nov 2017,aw0106
tt0331468,1 nomination,19 Sep 2003,aw0107
tt0997047,1 nomination,07 Mar 2008,aw0108
tt0109456,2 wins & 11 nominations,19 Aug 1994,aw0109
tt0118880,Nominated for 2 Oscars. 7 wins & 11 nominations total,06 Jun 1997,aw0110
tt0082199,,07 Aug 1981,aw0111
tt1093908,1 win & 3 nominations,13 Feb 2009,aw0112
tt0361467,1 win,20 Feb 2004,aw0113
tt0104006,1 nomination,16 Oct 1992,aw0114
tt0106611,2 wins & 2 nominations,01 Oct 1993,aw0115
tt0250310,1 nomination,12 Oct 2001,aw0116
tt0087091,Nominated for 1 Oscar. 1 win & 3 nominations total,29 Sep 1984,aw0117
tt0200550,4 wins & 8 nominations,04 Aug 2000,aw0118
tt0150216,5 wins & 7 nominations,21 Jan 2000,aw0119
tt0112740,Nominated for 3 Oscars. 5 wins & 9 nominations total,12 May 1995,aw0120
tt3228774,Nominated for 2 Oscars. 23 wins & 39 nominations total,28 May 2021,aw0121
tt0094933,,18 Mar 1988,aw0122
tt0109520,,25 Mar 1994,aw0123
tt0116000,2 nominations,04 Oct 1996,aw0124
tt0480242,4 nominations,26 Oct 2007,aw0125
tt0112792,6 wins & 8 nominations,11 Aug 1995,aw0126
tt0382628,6 nominations,08 Jul 2005,aw0127
tt0097165,Won 1 Oscar. 20 wins & 19 nominations total,09 Jun 1989,aw0128
tt0112819,2 nominations,06 Oct 1995,aw0129
tt0101694,,27 Sep 1991,aw0130
tt0118956,2 nominations,30 Jan 1998,aw0131
tt2387559,,22 Nov 2013,aw0132
tt0205000,2 nominations,10 Dec 1999,aw0133
tt0099422,Won 3 Oscars. 9 wins & 36 nominations total,15 Jun 1990,aw0134
tt0130623,4 wins & 21 nominations,19 May 2000,aw0135
tt1691917,5 nominations,09 Aug 2013,aw0136
tt1067106,3 wins & 5 nominations,06 Nov 2009,aw0137
tt0097211,,14 Apr 1989,aw0138
tt1211837,Nominated for 1 Oscar. 20 wins & 68 nominations total,04 Nov 2016,aw0139
tt0238948,,12 Jan 2001,aw0140
tt0187819,1 nomination,26 Mar 1999,aw0141
tt0090966,1 win & 5 nominations,31 Jan 1986,aw0142
tt0099472,1 nomination,03 Aug 1990,aw0143
tt0134630,1 nomination,15 Sep 2000,aw0144
tt3861390,3 wins & 13 nominations,29 Mar 2019,aw0145
tt5649074,,19 Mar 2006,aw0146
tt0297445,1 nomination,17 May 2002,aw0147
tt1757737,,05 Sep 2009,aw0148
tt0109707,Won 2 Oscars. 27 wins & 34 nominations total,07 Oct 1994,aw0149
tt0116168,1 win & 2 nominations,31 May 1996,aw0150
tt0397313,2 wins & 2 nominations,17 Feb 2006,aw0151
tt2953050,Won 1 Oscar. 37 wins & 76 nominations total,24 Nov 2021,aw0152
tt0461770,Nominated for 3 Oscars. 12 wins & 51 nominations total,21 Nov 2007,aw0153
tt0104187,1 win & 1 nomination,22 May 1992,aw0154
tt0120660,5 wins & 16 nominations,20 Nov 1998,aw0155
tt0092974,1 nomination,22 May 1987,aw0156
tt0099512,,06 Apr 1990,aw0157
tt0095107,,11 Nov 1988,aw0158
tt0101821,,11 Oct 1991,aw0159
tt9032400,4 wins & 14 nominations,05 Nov 2021,aw0160
tt0116250,Won 1 Oscar. 19 wins & 43 nominations total,10 Jan 1997,aw0161
tt0032455,Won 2 Oscars. 8 wins & 1 nomination total,19 Sep 1941,aw0162
tt0106877,,27 Aug 1993,aw0163
tt0101862,1 win & 5 nominations,20 Dec 1991,aw0164
tt0113041,1 win & 2 nominations,08 Dec 1995,aw0165
tt0113044,,13 Oct 1995,aw0166
tt2277860,Nominated for 1 BAFTA Film Award17 wins & 46 nominations total,17 Jun 2016,aw0167
tt0266543,Won 1 Oscar. 48 wins & 63 nominations total,30 May 2003,aw0168
tt0099575,,25 May 1990,aw0169
tt0116311,1 nomination,30 Aug 1996,aw0170
tt0091059,4 nominations,01 Aug 1986,aw0171
tt0408790,2 wins & 6 nominations,23 Sep 2005,aw0172
tt0119137,3 wins & 2 nominations,26 Nov 1997,aw0173
tt0281865,,27 Jun 2002,aw0174
tt1142977,Nominated for 1 Oscar. 11 wins & 50 nominations total,05 Oct 2012,aw0175
tt0322330,5 wins & 11 nominations,06 Aug 2003,aw0176
tt1438176,2 wins & 8 nominations,19 Aug 2011,aw0177
tt2294629,Won 2 Oscars. 82 wins & 60 nominations total,27 Nov 2013,aw0178
tt4520988,Nominated for 1 Oscar. 17 wins & 90 nominations total,22 Nov 2019,aw0179
tt0113133,8 wins,31 Mar 1995,aw0180
tt0436339,1 win & 1 nomination,24 Jul 2009,aw0181
tt0119173,2 wins & 3 nominations,22 Aug 1997,aw0182
tt0119190,1 win & 3 nominations,16 Jul 1997,aw0183
tt0297144,1 nomination,10 Sep 2003,aw0184
tt0385726,5 nominations,13 Jan 2006,aw0185
tt0866613,,25 Sep 2006,aw0186
tt0119214,1 nomination,30 May 1997,aw0187
tt0187078,9 wins & 6 nominations,09 Jun 2000,aw0188
tt0093105,Nominated for 1 Oscar. 7 wins & 4 nominations total,15 Jan 1988,aw0189
tt0099699,Nominated for 1 Oscar. 3 wins & 4 nominations total,01 Feb 1991,aw0190
tt0097458,,20 Oct 1989,aw0191
tt0119229,2 wins & 8 nominations,11 Apr 1997,aw0192
tt2015381,Nominated for 2 Oscars. 52 wins & 102 nominations total,01 Aug 2014,aw0193
tt3896198,Nominated for 1 Oscar. 15 wins & 59 nominations total,05 May 2017,aw0194
tt0107057,1 win,04 Jun 1993,aw0195
tt0171356,,09 Mar 2000,aw0196
tt1114677,6 wins & 10 nominations,10 Apr 2009,aw0197
tt1127884,1 win,01 Feb 2008,aw0198
tt0124718,10 nominations,01 May 1998,aw0199
tt0095288,2 nominations,30 Sep 1988,aw0200
tt0110006,,17 Feb 1995,aw0201
tt0093175,1 nomination,06 Nov 1987,aw0202
tt0076137,,24 Jun 1977,aw0203
tt0400497,2 wins & 6 nominations,22 Jun 2005,aw0204
tt0119282,Nominated for 1 Oscar. 9 wins & 16 nominations total,27 Jun 1997,aw0205
tt0317648,1 win & 2 nominations,05 Mar 2004,aw0206
tt0146882,Nominated for 1 BAFTA Film Award3 wins & 22 nominations total,31 Mar 2000,aw0207
tt0253126,1 nomination,26 Oct 2001,aw0208
tt0962726,8 wins & 9 nominations,24 Oct 2008,aw0209
tt0107120,2 wins & 11 nominations,16 Jul 1993,aw0210
tt0311289,3 wins & 9 nominations,18 Apr 2003,aw0211
tt0120701,1 nomination,09 Oct 1998,aw0212
tt0110044,,08 Apr 1994,aw0213
tt0299172,5 nominations,02 Apr 2004,aw0214
tt0116552,3 nominations,08 Mar 1996,aw0215
tt0107131,1 nomination,12 Feb 1993,aw0216
tt0104437,10 nominations,17 Jul 1992,aw0217
tt0097523,Won 1 BAFTA Film Award2 wins & 10 nominations total,23 Jun 1989,aw0218
tt0110066,,06 Jan 1995,aw0219
tt0110093,,29 Jun 1994,aw0220
tt1464540,1 win & 1 nomination,18 Feb 2011,aw0221
tt0155753,,13 Nov 1998,aw0222
tt0396652,,18 Mar 2005,aw0223
tt0110123,,12 Aug 1994,aw0224
tt3606756,Nominated for 1 Oscar. 12 wins & 80 nominations total,15 Jun 2018,aw0225
tt0107212,,23 Apr 1993,aw0226
tt0104511,6 nominations,25 Sep 1992,aw0227
tt2096673,Won 1 Oscar. 101 wins & 116 nominations total,19 Jun 2015,aw0228
tt0141369,1 win & 13 nominations,23 Jul 1999,aw0229
tt0128278,1 win & 2 nominations,04 Jun 1999,aw0230
tt2180411,Nominated for 3 Oscars. 10 wins & 74 nominations total,25 Dec 2014,aw0231
tt0445990,2 nominations,25 Aug 2006,aw0232
tt1300854,Nominated for 1 Oscar. 20 wins & 63 nominations total,03 May 2013,aw0233
tt0110157,,14 Jan 1994,aw0234
tt0110169,1 win & 7 nominations,25 Nov 1994,aw0235
tt0116669,6 nominations,09 Aug 1996,aw0236
tt0116683,Nominated for 1 Oscar. 4 wins & 13 nominations total,12 Apr 1996,aw0237
tt0113463,2 nominations,31 Mar 1995,aw0238
tt0401729,2 wins & 8 nominations,09 Mar 2012,aw0239
tt1229827,1 win & 4 nominations,27 Feb 2009,aw0240
tt0113492,2 wins & 5 nominations,30 Jun 1995,aw0241
tt0119432,3 nominations,07 Mar 1997,aw0242
tt0870154,3 wins & 8 nominations,30 Jul 2021,aw0243
tt0189192,,06 Apr 2001,aw0244
tt0116756,2 nominations,17 Jul 1996,aw0245
tt2013293,Nominated for 1 Oscar. 26 wins & 54 nominations total,21 Feb 2014,aw0246
tt0171433,2 wins & 6 nominations,14 Apr 2000,aw0247
tt0349683,4 wins & 8 nominations,07 Jul 2004,aw0248
tt0120725,1 nomination,27 Feb 1998,aw0249
tt0119485,Nominated for 4 Oscars. 7 wins & 13 nominations total,16 Jan 1998,aw0250
tt0349710,1 win & 7 nominations,01 Oct 2004,aw0251
tt0048280,Nominated for 1 BAFTA Film Award1 win & 2 nominations total,22 Jun 1955,aw0252
tt0116827,1 nomination,03 May 1996,aw0253
tt0107413,4 nominations,04 Jun 1993,aw0254
tt0275847,Nominated for 1 Oscar. 11 wins & 27 nominations total,21 Jun 2002,aw0255
tt0443272,Won 2 Oscars. 107 wins & 252 nominations total,16 Nov 2012,aw0256
tt0113729,,26 May 1995,aw0257
tt1587310,Nominated for 1 Oscar. 12 wins & 43 nominations total,30 May 2014,aw0258
tt4777008,Nominated for 1 Oscar. 1 win & 11 nominations total,18 Oct 2019,aw0259
tt0113755,2 nominations,03 Mar 1995,aw0260
tt5028340,Nominated for 4 Oscars. 23 wins & 111 nominations total,19 Dec 2018,aw0261
tt0273799,1 win & 1 nomination,05 Oct 2001,aw0262
tt2097298,4 wins & 3 nominations,20 Feb 2015,aw0263
tt0104839,1 nomination,07 Feb 1992,aw0264
tt0120645,1 win & 2 nominations,27 Mar 1998,aw0265
tt0396555,1 win & 10 nominations,30 Mar 2007,aw0266
tt0119664,1 nomination,17 Jan 1997,aw0267
tt0113808,1 nomination,27 Jan 1995,aw0268
tt0081159,,08 Feb 1980,aw0269
tt0120751,Nominated for 1 Oscar. 1 win & 4 nominations total,25 Dec 1998,aw0270
tt1647668,1 win & 2 nominations,16 May 2014,aw0271
tt0349825,2 wins & 4 nominations,06 Feb 2004,aw0272
tt1046997,1 win & 10 nominations,26 Sep 2008,aw0273
tt0183523,2 nominations,10 Mar 2000,aw0274
tt3521164,Nominated for 2 Oscars. 21 wins & 90 nominations total,23 Nov 2016,aw0275
tt0107594,,10 Sep 1993,aw0276
tt3660770,2 wins & 1 nomination,17 Apr 2015,aw0277
tt1453405,Nominated for 2 BAFTA Film 9 wins & 58 nominations total,21 Jun 2013,aw0278
tt0198781,Won 1 Oscar. 15 wins & 38 nominations total,02 Nov 2001,aw0279
tt0179098,1 win & 6 nominations,04 Oct 2002,aw0280
tt1198405,,12 Mar 2009,aw0281
tt0120762,Nominated for 1 Oscar. 17 wins & 21 nominations total,19 Jun 1998,aw0282
tt0140397,1 win & 1 nomination,24 Sep 1999,aw0283
tt0117110,5 nominations,16 Feb 1996,aw0284
tt2281587,Nominated for 1 BAFTA Film Award3 wins & 11 nominations total,21 Mar 2014,aw0285
tt0107626,,06 Aug 1993,aw0286
tt0120764,3 nominations,12 Feb 1999,aw0287
tt0089652,,09 Aug 1985,aw0288
tt0134618,1 nomination,01 Oct 1999,aw0289
tt0368891,1 win & 9 nominations,19 Nov 2004,aw0290
tt0465234,1 win & 5 nominations,21 Dec 2007,aw0291
tt2369135,1 win & 5 nominations,14 Mar 2014,aw0292
tt0086005,Nominated for 1 Oscar. 4 wins & 3 nominations total,27 Jan 1984,aw0293
tt0097965,1 win,10 Mar 1989,aw0294
tt0104990,1 win & 6 nominations,10 Apr 1992,aw0295
tt0082810,2 nominations,05 Feb 1982,aw0296
tt0113987,Nominated for 4 Oscars. 11 wins & 18 nominations total,05 Jan 1996,aw0297
tt0105017,1 nomination,20 Mar 1992,aw0298
tt0119807,1 win,18 Jul 1997,aw0299
tt0190590,Nominated for 2 Oscars. 8 wins & 39 nominations total,02 Feb 2001,aw0300
tt1723746,,,aw0301
tt0091668,,11 Apr 1986,aw0302
tt0976238,5 nominations,25 Nov 2009,aw0303
tt0095776,1 win & 2 nominations,18 Nov 1988,aw0304
tt0102593,1 nomination,03 May 1991,aw0305
tt0089731,2 wins & 7 nominations,22 Nov 1985,aw0306
tt7146812,Nominated for 1 Oscar. 4 wins & 65 nominations total,06 Mar 2020,aw0307
tt0316356,1 win & 5 nominations,15 Aug 2003,aw0308
tt0114048,,28 Jul 1995,aw0309
tt0102603,3 nominations,26 Apr 1991,aw0310
tt0253798,,21 Nov 2001,aw0311
tt0093690,2 wins & 1 nomination,30 Jan 1987,aw0312
tt1623205,6 wins & 31 nominations,08 Mar 2013,aw0313
tt0102631,1 win & 4 nominations,04 Oct 1991,aw0314
tt0105103,1 nomination,24 Apr 1992,aw0315
tt0213149,Won 1 Oscar. 14 wins & 51 nominations total,25 May 2001,aw0316
tt8080302,1 win & 1 nomination,17 Apr 2019,aw0317
tt1716777,,29 Jun 2012,aw0318
tt0280030,4 nominations,15 Feb 2002,aw0319
tt2788732,3 wins & 7 nominations,12 Aug 2016,aw0320
tt0117333,7 wins & 8 nominations,03 Jul 1996,aw0321
tt0323642,1 nomination,21 Mar 2003,aw0322
tt0032910,Won 2 Oscars. 7 wins total,23 Feb 1940,aw0323
tt0449088,Nominated for 2 Oscars. 23 wins & 51 nominations total,25 May 2007,aw0324
tt0383574,Won 1 Oscar. 45 wins & 54 nominations total,07 Jul 2006,aw0325
tt1790809,1 win & 13 nominations,26 May 2017,aw0326
tt1298650,3 wins & 31 nominations,20 May 2011,aw0327
tt0325980,Nominated for 5 Oscars. 38 wins & 104 nominations total,09 Jul 2003,aw0328
tt0196857,,21 Jan 2000,aw0329
tt0119906,,17 Oct 1997,aw0330
tt0114148,Won 2 Oscars. 15 wins & 7 nominations total,23 Jun 1995,aw0331
tt0407121,1 nomination,11 Feb 2005,aw0332
tt0114168,2 nominations,27 Oct 1995,aw0333
tt0119937,,24 Jan 1997,aw0334
tt0100405,Nominated for 1 Oscar. 8 wins & 11 nominations total,23 Mar 1990,aw0335
tt0808096,Nominated for 1 BAFTA Film Award5 nominations total,09 Aug 2008,aw0336
tt0473075,1 win & 11 nominations,28 May 2010,aw0337
tt1604171,1 nomination,29 Apr 2011,aw0338
tt4341582,3 wins & 26 nominations,30 Sep 2016,aw0339
tt0110932,Nominated for 4 Oscars. 6 wins & 36 nominations total,07 Oct 1994,aw0340
tt1075417,1 nomination,13 Mar 2009,aw0341
tt0350028,1 nomination,28 May 2004,aw0342
tt5848272,Nominated for 1 Oscar. 3 wins & 67 nominations total,21 Nov 2018,aw0343
tt0117438,3 wins & 5 nominations,08 Nov 1996,aw0344
tt0382932,Won 1 Oscar. 67 wins & 42 nominations total,29 Jun 2007,aw0345
tt5109280,Nominated for 1 Oscar. 10 wins & 59 nominations total,05 Mar 2021,aw0346
tt0433035,Nominated for 1 Oscar. 2 wins & 6 nominations total,07 Oct 2011,aw0347
tt0265632,,16 Feb 2001,aw0348
tt0253556,1 win & 3 nominations,12 Jul 2002,aw0349
tt0210945,8 wins & 18 nominations,29 Sep 2000,aw0350
tt0110971,,03 Jun 1994,aw0351
tt0089908,Nominated for 1 Oscar. 6 nominations total,21 Jun 1985,aw0352
tt0095993,2 nominations,15 Apr 1988,aw0353
tt0120029,,10 Oct 1997,aw0354
tt3748528,Nominated for 2 Oscars. 24 wins & 85 nominations total,16 Dec 2016,aw0355
tt0120032,4 nominations,25 Apr 1997,aw0356
tt0114296,Nominated for 1 Oscar. 2 nominations total,03 Mar 1995,aw0357
tt0436595,1 win & 1 nomination,27 Jan 2006,aw0358
tt0086220,1 nomination,04 Nov 1983,aw0359
tt0128445,16 wins & 16 nominations,19 Feb 1999,aw0360
tt0091877,1 win & 3 nominations,27 Jun 1986,aw0361
tt0105316,3 nominations,25 Sep 1992,aw0362
tt0102849,,22 Feb 1991,aw0363
tt1028576,3 wins & 6 nominations,08 Oct 2010,aw0364
tt0120107,,31 Jan 1997,aw0365
tt9376612,Nominated for 1 Oscar. 17 wins & 52 nominations total,03 Sep 2021,aw0366
tt0300471,4 nominations,07 Feb 2003,aw0367
tt0184894,1 win & 7 nominations,26 May 2000,aw0368
tt0096098,2 nominations,12 Feb 1988,aw0369
tt0338427,1 win & 7 nominations,04 Nov 2005,aw0370
tt0286106,3 wins & 34 nominations,02 Aug 2002,aw0371
tt0124879,3 wins & 3 nominations,11 Sep 1998,aw0372
tt0105417,9 wins & 10 nominations,29 May 1992,aw0373
tt0108147,1 win & 3 nominations,10 Dec 1993,aw0374
tt0120828,2 wins & 5 nominations,12 Jun 1998,aw0375
tt0405325,1 nomination,29 Jul 2005,aw0376
tt0053285,Nominated for 1 Oscar. 4 wins & 6 nominations total,29 Jan 1959,aw0377
tt0281373,1 win,18 Jan 2002,aw0378
tt0029583,Won 1 Oscar. 11 wins & 6 nominations total,04 Feb 1938,aw0379
tt3778644,Nominated for 1 Oscar. 6 wins & 26 nominations total,25 May 2018,aw0380
tt0086336,2 wins & 7 nominations,29 Apr 1983,aw0381
tt0108186,1 nomination,02 Jul 1993,aw0382
tt0038969,Won 2 Oscars. 2 wins & 1 nomination total,20 Nov 1946,aw0383
tt0279781,1 win & 1 nomination,22 Mar 2002,aw0384
tt0100666,,27 Apr 1990,aw0385
tt0088161,Nominated for 1 Oscar. 2 wins & 9 nominations total,09 Mar 1984,aw0386
tt0117723,,24 May 1996,aw0387
tt0111271,,28 Oct 1994,aw0388
tt0094025,2 wins,05 Aug 1987,aw0389
tt7768640,,14 Dec 2015,aw0390
tt2527336,Nominated for 4 Oscars. 25 wins & 99 nominations total,15 Dec 2017,aw0391
tt11464830,,16 Dec 2019,aw0392
tt0441796,,24 Mar 2006,aw0393
tt0100691,2 nominations,02 Feb 1990,aw0394
tt0462590,1 win & 3 nominations,11 Aug 2006,aw0395
tt1023481,2 wins & 3 nominations,14 Feb 2008,aw0396
tt0430634,,28 Apr 2006,aw0397
tt0105481,,03 Apr 1992,aw0398
tt4191054,1 win & 4 nominations,23 Jan 2015,aw0399
tt0162677,6 nominations,02 Jul 1999,aw0400
tt0108255,2 nominations,28 May 1993,aw0401
tt0986263,,25 Sep 2009,aw0402
tt0256415,3 wins & 6 nominations,27 Sep 2002,aw0403
tt0108265,1 win & 1 nomination,05 Mar 1993,aw0404
tt1027862,1 nomination,01 Aug 2008,aw0405
tt0103035,,17 Aug 1990,aw0406
tt0111359,,24 Mar 1995,aw0407
tt0398286,Nominated for 1 Oscar. 10 wins & 41 nominations total,24 Nov 2010,aw0408
tt0120855,Won 1 Oscar. 11 wins & 23 nominations total,18 Jun 1999,aw0409
tt0350194,2 nominations,16 Jan 2004,aw0410
tt0147800,2 wins & 13 nominations,31 Mar 1999,aw0411
tt0111400,,23 Sep 1994,aw0412
tt0084783,3 nominations,30 Jul 1982,aw0413
tt0120317,2 nominations,14 Feb 1997,aw0414
tt0120657,2 wins & 2 nominations,27 Aug 1999,aw0415
tt0054594,Nominated for 3 Oscars. 1 win & 8 nominations total,16 Mar 1961,aw0416
tt0106223,,02 Apr 1993,aw0417
tt0109067,,07 Jan 1994,aw0418
tt0318974,1 nomination,09 Apr 2004,aw0419
tt0072653,,01 Jul 1975,aw0420
tt0065421,3 wins,24 Dec 1970,aw0421
tt0115580,,25 Oct 1996,aw0422
tt0848228,Nominated for 1 Oscar. 38 wins & 80 nominations total,04 May 2012,aw0423
tt3691740,Nominated for 1 BAFTA Film Award4 wins & 26 nominations total,01 Jul 2016,aw0424
tt0112499,,29 Sep 1995,aw0425
tt0088814,,24 Jul 1985,aw0426
tt0078869,Nominated for 2 Oscars. 8 nominations total,21 Dec 1979,aw0427
tt0065482,,01 Jul 1970,aw0428
tt0106536,1 win,12 Feb 1993,aw0429
tt0499448,4 wins & 21 nominations,16 May 2008,aw0430
tt0363771,Won 1 Oscar. 18 wins & 46 nominations total,09 Dec 2005,aw0431
tt0090863,Won 1 Oscar. 3 wins & 10 nominations total,17 Oct 1986,aw0432
tt0245844,,25 Jan 2002,aw0433
tt0276033,4 nominations,26 Jul 2002,aw0434
tt0198386,1 win,25 Aug 2000,aw0435
tt0082263,,06 Mar 1981,aw0436
tt0104114,4 wins,04 Dec 1992,aw0437
tt0101746,3 nominations,16 Aug 1991,aw0438
tt0120917,Nominated for 1 Oscar. 7 wins & 27 nominations total,15 Dec 2000,aw0439
tt1837703,2 wins & 3 nominations,18 Oct 2013,aw0440
tt2025690,2 wins,29 Jan 2016,aw0441
tt0082406,1 win & 2 nominations,10 Jul 1981,aw0442
tt0492956,3 nominations,28 Sep 2007,aw0443
tt1979388,9 wins & 41 nominations,25 Nov 2015,aw0444
tt0095238,,04 Nov 1988,aw0445
tt0091149,1 win & 3 nominations,02 Jul 1986,aw0446
tt0388980,3 nominations,30 Sep 2005,aw0447
tt0406816,1 win & 4 nominations,29 Sep 2006,aw0448
tt0104389,6 wins & 6 nominations,10 Jan 1992,aw0449
tt0338094,1 win & 4 nominations,26 Nov 2003,aw0450
tt1454029,Won 1 Oscar. 79 wins & 121 nominations total,10 Aug 2011,aw0451
tt0371724,1 win & 10 nominations,29 Apr 2005,aw0452
tt1266072,,01 Feb 2007,aw0453
tt0119314,Nominated for 1 Oscar. 4 wins & 19 nominations total,15 May 1998,aw0454
tt0302640,4 nominations,13 Dec 2002,aw0455
tt0116583,Nominated for 1 Oscar. 8 wins & 26 nominations total,21 Jun 1996,aw0456
tt2980648,2 wins & 4 nominations,08 Aug 2014,aw0457
tt0317705,Won 2 Oscars. 67 wins & 56 nominations total,05 Nov 2004,aw0458
tt0110137,,22 Apr 1994,aw0459
tt0140352,Nominated for 7 Oscars. 23 wins & 58 nominations total,05 Nov 1999,aw0460
tt0435670,1 nomination,27 Apr 2007,aw0461
tt0110189,,03 Feb 1995,aw0462
tt0089385,Nominated for 1 Oscar. 1 win & 3 nominations total,27 Sep 1985,aw0463
tt0107282,Nominated for 1 BAFTA Film Award4 wins & 5 nominations total,29 Oct 1993,aw0464
tt0061852,Nominated for 1 Oscar. 6 wins & 3 nominations total,18 Oct 1967,aw0465
tt0219854,1 win & 3 nominations,07 Jul 2000,aw0466
tt0335245,6 wins & 4 nominations,26 Mar 2004,aw0467
tt0081031,4 nominations,25 Jun 1980,aw0468
tt0357054,,05 Nov 2004,aw0469
tt1294226,4 wins & 10 nominations,31 Mar 2010,aw0470
tt0362270,3 wins & 10 nominations,25 Dec 2004,aw0471
tt2547584,1 win & 16 nominations,02 Sep 2016,aw0472
tt0110357,Won 2 Oscars. 39 wins & 35 nominations total,24 Jun 1994,aw0473
tt0097757,Won 2 Oscars. 14 wins & 8 nominations total,17 Nov 1989,aw0474
tt0306841,2 wins & 3 nominations,02 May 2003,aw0475
tt1210819,Nominated for 2 Oscars. 5 wins & 20 nominations total,03 Jul 2013,aw0476
tt0427470,1 win & 11 nominations,30 Mar 2007,aw0477
tt0076363,1 nomination,11 Mar 1977,aw0478
tt0102411,1 nomination,05 Apr 1991,aw0479
tt0104868,2 nominations,02 Oct 1992,aw0480
tt0104940,2 wins & 1 nomination,11 Dec 1992,aw0481
tt1204342,Won 1 Oscar. 17 wins & 43 nominations total,23 Nov 2011,aw0482
tt0107688,Nominated for 1 Oscar. 6 wins & 17 nominations total,29 Oct 1993,aw0483
tt5523010,1 win & 8 nominations,02 Nov 2018,aw0484
tt1462769,1 win & 8 nominations,15 Aug 2012,aw0485
tt0123209,2 nominations,26 Feb 1999,aw0486
tt0395699,1 win & 10 nominations,04 Mar 2005,aw0487
tt0120783,2 wins & 7 nominations,29 Jul 1998,aw0488
tt0117372,Nominated for 1 Oscar. 4 wins & 7 nominations total,13 Dec 1996,aw0489
tt0482571,Nominated for 2 Oscars. 6 wins & 45 nominations total,20 Oct 2006,aw0490
tt0247638,3 wins & 11 nominations,03 Aug 2001,aw0491
tt0368933,1 win & 2 nominations,11 Aug 2004,aw0492
tt0780521,Nominated for 3 Oscars. 10 wins & 42 nominations total,11 Dec 2009,aw0493
tt0107889,,24 Sep 1993,aw0494
tt1041829,7 wins & 20 nominations,19 Jun 2009,aw0495
tt0111003,2 nominations,21 Oct 1994,aw0496
tt0292506,2 nominations,31 Jan 2003,aw0497
tt0110955,1 win & 1 nomination,11 Mar 1994,aw0498
tt0095981,1 nomination,05 Aug 1988,aw0499
tt0076618,Nominated for 1 Oscar. 2 wins & 1 nomination total,22 Jun 1977,aw0500
tt0100477,6 wins,16 Nov 1990,aw0501
tt0117473,,13 Sep 1996,aw0502
tt0117500,Nominated for 1 Oscar. 9 wins & 9 nominations total,07 Jun 1996,aw0503
tt0102803,1 win & 6 nominations,21 Jun 1991,aw0504
tt0265662,5 wins & 4 nominations,29 Mar 2002,aw0505
tt0265666,Nominated for 1 Oscar. 11 wins & 46 nominations total,04 Jan 2002,aw0506
tt0111070,2 wins & 8 nominations,11 Nov 1994,aw0507
tt0304669,1 win & 3 nominations,01 Nov 2002,aw0508
tt0452681,4 wins & 9 nominations,03 Nov 2006,aw0509
tt0114345,1 win & 10 nominations,13 Oct 1995,aw0510
tt0393735,2 wins & 5 nominations,10 Mar 2006,aw0511
tt0120142,,28 Mar 1997,aw0512
tt0167404,Nominated for 6 Oscars. 37 wins & 56 nominations total,06 Aug 1999,aw0513
tt0963966,1 win & 2 nominations,14 Jul 2010,aw0514
tt0166896,Nominated for 1 Oscar. 18 wins & 40 nominations total,03 Nov 1999,aw0515
tt0057546,Nominated for 1 Oscar. 1 win & 1 nomination total,21 Jun 1964,aw0516
tt0108333,2 wins & 3 nominations,12 Nov 1993,aw0517
tt0114666,1 nomination,08 Sep 1995,aw0518
tt0220099,4 nominations,11 Feb 2000,aw0519
tt0368447,Nominated for 1 Oscar. 4 wins & 24 nominations total,30 Jul 2004,aw0520
tt0118117,3 nominations,20 Nov 1996,aw0521
tt0120484,6 wins & 6 nominations,06 Nov 1998,aw0522
tt0405469,2 nominations,14 Apr 2006,aw0523
tt3501632,6 wins & 49 nominations,03 Nov 2017,aw0524
tt1981115,4 wins & 21 nominations,08 Nov 2013,aw0525
tt0098471,1 nomination,27 Jan 1989,aw0526
tt0094155,,13 Mar 1987,aw0527
tt0112302,1 win & 5 nominations,22 Dec 1995,aw0528
tt0108358,2 nominations,25 Dec 1993,aw0529
tt1964418,2 wins & 19 nominations,22 May 2015,aw0530
tt0092105,1 nomination,03 Oct 1986,aw0531
tt0114709,Won 1 Oscar. 27 wins & 23 nominations total,22 Nov 1995,aw0532
tt0120363,Nominated for 1 Oscar. 21 wins & 27 nominations total,24 Nov 1999,aw0533
tt0435761,Won 2 Oscars. 61 wins & 96 nominations total,18 Jun 2010,aw0534
tt1979376,Won 1 Oscar. 57 wins & 67 nominations total,21 Jun 2019,aw0535
tt0133240,Nominated for 1 Oscar. 1 win & 14 nominations total,27 Nov 2002,aw0536
tt0086476,,11 Mar 1983,aw0537
tt0084827,Nominated for 2 Oscars. 2 wins & 8 nominations total,09 Jul 1982,aw0538
tt1104001,Nominated for 1 Oscar. 10 wins & 51 nominations total,17 Dec 2010,aw0539
tt0283084,1 win & 3 nominations,11 Oct 2002,aw0540
tt0098536,1 win & 1 nomination,28 Jul 1989,aw0541
tt0217869,2 wins & 15 nominations,22 Nov 2000,aw0542
tt0328589,5 nominations,26 Sep 2003,aw0543
tt0467110,3 nominations,03 Aug 2007,aw0544
tt0114798,Nominated for 1 Oscar. 3 nominations total,22 Sep 1995,aw0545
tt1049413,Won 2 Oscars. 79 wins & 87 nominations total,29 May 2009,aw0546
tt0118055,Nominated for 1 Oscar. 3 wins & 3 nominations total,01 Mar 1996,aw0547
tt0361089,2 nominations,19 Aug 2005,aw0548
tt0312549,3 wins & 14 nominations,17 Oct 2003,aw0549
tt1568911,Nominated for 6 Oscars. 15 wins & 77 nominations total,25 Dec 2011,aw0550
tt0120481,1 nomination,10 Oct 1997,aw0551
tt0103241,2 wins & 2 nominations,17 May 1991,aw0552
tt0108551,Nominated for 2 Oscars. 3 wins & 15 nominations total,25 Jun 1993,aw0553
tt0111693,4 nominations,13 May 1994,aw0554
tt1185416,3 nominations,29 Jan 2010,aw0555
tt0100924,1 win & 1 nomination,23 Feb 1990,aw0556
tt0114924,4 wins & 5 nominations,21 Apr 1995,aw0557
tt0103247,1 nomination,18 Jan 1991,aw0558
tt0111701,,15 Apr 1994,aw0559
tt0118158,1 nomination,02 Feb 1996,aw0560
tt0096438,Won 4 Oscars. 24 wins & 21 nominations total,22 Jun 1988,aw0561
tt0103262,,24 May 1991,aw0562
tt0486946,1 win & 4 nominations,02 Mar 2007,aw0563
tt1449283,2 wins & 25 nominations,15 Jul 2011,aw0564
tt1772341,Nominated for 1 Oscar. 33 wins & 42 nominations total,02 Nov 2012,aw0565
tt1440770,,21 Aug 2009,aw0566
tt1414382,2 wins,24 Sep 2010,aw0567
tt0318850,1 nomination,25 Dec 2003,aw0568
tt1605790,,22 Apr 2011,aw0569
tt2948356,Won 1 Oscar. 47 wins & 72 nominations total,04 Mar 2016,aw0570
tt0250224,5 nominations,29 Jun 2001,aw0571
tt0381006,2 nominations,02 Jul 2004,aw0572
tt0106469,2 nominations,30 Apr 1993,aw0573
tt0377981,1 win & 12 nominations,11 Feb 2011,aw0574
tt0120741,2 nominations,24 Jul 1998,aw0575
tt2980706,Nominated for 1 BAFTA Film Award6 nominations total,18 Jul 2014,aw0576
tt2488496,Nominated for 5 Oscars. 62 wins & 138 nominations total,18 Dec 2015,aw0577
tt2527338,Nominated for 3 Oscars. 20 wins & 55 nominations total,20 Dec 2019,aw0578
tt0910970,Won 1 Oscar. 94 wins & 95 nominations total,27 Jun 2008,aw0579
tt0118577,6 wins & 8 nominations,08 May 1998,aw0580
tt0264578,Nominated for 2 BAFTA Film 8 wins & 8 nominations total,21 Dec 2001,aw0581
tt0120910,4 wins & 7 nominations,16 Jun 2000,aw0582
tt0876563,12 wins & 20 nominations,14 Aug 2009,aw0583
tt0495596,3 nominations,29 Jul 2006,aw0584
tt0473360,,29 Aug 2008,aw0585
tt0380389,1 win & 6 nominations,12 May 2006,aw0586
tt0099816,3 nominations,01 Mar 1991,aw0587
tt0347149,Nominated for 1 Oscar. 14 wins & 20 nominations total,17 Jun 2005,aw0588
tt4846340,Nominated for 3 Oscars. 37 wins & 94 nominations total,06 Jan 2017,aw0589
tt0339412,1 win & 5 nominations,17 Sep 2004,aw0590
tt0100201,,12 Oct 1990,aw0591
tt0113862,Nominated for 1 Oscar. 5 wins & 5 nominations total,19 Jan 1996,aw0592
tt0119718,2 nominations,25 Dec 1997,aw0593
tt0117102,1 win & 2 nominations,16 Feb 1996,aw0594
tt0765128,2 wins & 4 nominations,22 Apr 2010,aw0595
tt0105226,3 nominations,14 May 1993,aw0596
tt2140373,Nominated for 1 Oscar. 13 wins & 74 nominations total,20 Dec 2013,aw0597
tt0245429,Won 1 Oscar. 58 wins & 31 nominations total,28 Mar 2003,aw0598
tt0080684,Won 2 Oscars. 25 wins & 20 nominations total,20 Jun 1980,aw0599
tt0118001,5 nominations,15 Mar 1996,aw0600
tt0111543,,14 Dec 1994,aw0601
tt1159961,2 wins & 2 nominations,06 Oct 2010,aw0602
tt1223150,,26 Apr 2008,aw0603
tt0120659,,14 May 1999,aw0604
tt0119125,2 wins & 2 nominations,04 Sep 1998,aw0605
tt1305591,2 nominations,11 Mar 2011,aw0606
tt0283426,1 win & 9 nominations,14 Feb 2003,aw0607
tt1568921,12 wins & 6 nominations,17 Feb 2012,aw0608
