movie_title,release_date,MPAA_rating,total_gross,inflation_adjusted_gross,movieId,genres
Snow White and the Seven Dwarfs,"Dec 21, 1937",G,184925485,5228953251,594,Animation|Children|Drama|Fantasy|Musical
Pinocchio,"Feb 9, 1940",G,84300000,2188229052,596,Animation|Children|Fantasy|Musical
Pinocchio,"Feb 9, 1940",G,84300000,2188229052,5990,Children|Comedy|Fantasy
Pinocchio,"Feb 9, 1940",G,84300000,2188229052,90264,Children|Fantasy|Musical
Pinocchio,"Feb 9, 1940",G,84300000,2188229052,126693,Animation|Children
Pinocchio,"Feb 9, 1940",G,84300000,2188229052,199540,Adventure|Drama|Fantasy
Fantasia,"Nov 13, 1940",G,83320000,2187090808,1282,Animation|Children|Fantasy|Musical
Song of the South,"Nov 12, 1946",G,65000000,1078510579,2099,Adventure|Animation|Children|Musical
Cinderella,"Feb 15, 1950",G,85000000,920608730,1022,Animation|Children|Fantasy|Musical|Romance
Cinderella,"Feb 15, 1950",G,85000000,920608730,63239,Children|Fantasy|Musical|Romance
Cinderella,"Feb 15, 1950",G,85000000,920608730,111901,Fantasy|Romance
Cinderella,"Feb 15, 1950",G,85000000,920608730,129195,Drama|Romance
Cinderella,"Feb 15, 1950",G,85000000,920608730,130073,Children|Drama|Fantasy|Romance
Cinderella,"Feb 15, 1950",G,85000000,920608730,146030,Children|Comedy|Fantasy|Musical|Romance
Cinderella,"Feb 15, 1950",G,85000000,920608730,149875,Drama|Romance
Cinderella,"Feb 15, 1950",G,85000000,920608730,149877,Comedy
Cinderella,"Feb 15, 1950",G,85000000,920608730,149883,(no genres listed)
Cinderella,"Feb 15, 1950",G,85000000,920608730,165397,Children|Fantasy|Horror|Sci-Fi
Cinderella,"Feb 15, 1950",G,85000000,920608730,176143,Comedy|Romance
Cinderella,"Feb 15, 1950",G,85000000,920608730,179555,(no genres listed)
Cinderella,"Feb 15, 1950",G,85000000,920608730,179605,Fantasy|Romance
Cinderella,"Feb 15, 1950",G,85000000,920608730,188371,Animation|Children|Fantasy
Cinderella,"Feb 15, 1950",G,85000000,920608730,203467,Drama|Horror|Mystery|Thriller
Cinderella,"Feb 15, 1950",G,85000000,920608730,205873,Animation|Children|Fantasy
Cinderella,"Mar 13, 2015",PG,201151353,201151353,1022,Animation|Children|Fantasy|Musical|Romance
Cinderella,"Mar 13, 2015",PG,201151353,201151353,63239,Children|Fantasy|Musical|Romance
Cinderella,"Mar 13, 2015",PG,201151353,201151353,111901,Fantasy|Romance
Cinderella,"Mar 13, 2015",PG,201151353,201151353,129195,Drama|Romance
Cinderella,"Mar 13, 2015",PG,201151353,201151353,130073,Children|Drama|Fantasy|Romance
Cinderella,"Mar 13, 2015",PG,201151353,201151353,146030,Children|Comedy|Fantasy|Musical|Romance
Cinderella,"Mar 13, 2015",PG,201151353,201151353,149875,Drama|Romance
Cinderella,"Mar 13, 2015",PG,201151353,201151353,149877,Comedy
Cinderella,"Mar 13, 2015",PG,201151353,201151353,149883,(no genres listed)
Cinderella,"Mar 13, 2015",PG,201151353,201151353,165397,Children|Fantasy|Horror|Sci-Fi
Cinderella,"Mar 13, 2015",PG,201151353,201151353,176143,Comedy|Romance
Cinderella,"Mar 13, 2015",PG,201151353,201151353,179555,(no genres listed)
Cinderella,"Mar 13, 2015",PG,201151353,201151353,179605,Fantasy|Romance
Cinderella,"Mar 13, 2015",PG,201151353,201151353,188371,Animation|Children|Fantasy
Cinderella,"Mar 13, 2015",PG,201151353,201151353,203467,Drama|Horror|Mystery|Thriller
Cinderella,"Mar 13, 2015",PG,201151353,201151353,205873,Animation|Children|Fantasy
"20,000 Leagues Under the Sea","Dec 23, 1954",,28200000,528279994,1019,Adventure|Drama|Sci-Fi
"20,000 Leagues Under the Sea","Dec 23, 1954",,28200000,528279994,62383,Action|Adventure|Sci-Fi
Lady and the Tramp,"Jun 22, 1955",G,93600000,1236035515,2080,Animation|Children|Comedy|Romance
Lady and the Tramp,"Jun 22, 1955",G,93600000,1236035515,208800,Comedy|Romance
Sleeping Beauty,"Jan 29, 1959",,9464608,21505832,2096,Animation|Children|Musical
Sleeping Beauty,"Jan 29, 1959",,9464608,21505832,89480,Drama
Sleeping Beauty,"Jan 29, 1959",,9464608,21505832,115285,Adventure|Fantasy
Sleeping Beauty,"Jan 29, 1959",,9464608,21505832,130800,Children|Fantasy
101 Dalmatians,"Jan 25, 1961",G,153000000,1362870985,1367,Adventure|Children|Comedy
101 Dalmatians,"Jan 25, 1961",G,153000000,1362870985,2085,Adventure|Animation|Children
101 Dalmatians,"Nov 27, 1996",G,136189294,258728898,1367,Adventure|Children|Comedy
101 Dalmatians,"Nov 27, 1996",G,136189294,258728898,2085,Adventure|Animation|Children
Babes in Toyland,"Dec 14, 1961",G,10218316,124841160,2017,Children|Fantasy|Musical
Babes in Toyland,"Dec 14, 1961",G,10218316,124841160,3086,Children|Comedy|Fantasy|Musical
Babes in Toyland,"Dec 14, 1961",G,10218316,124841160,142663,Animation|Children
Bon Voyage!,"May 17, 1962",Not Rated,9230769,109581646,198259,Children|Comedy
The Jungle Book,"Oct 18, 1967",Not Rated,141843000,789612346,137857,Adventure|Drama|Fantasy
The Jungle Book,"Dec 25, 1994",PG,44342956,88930321,137857,Adventure|Drama|Fantasy
The Jungle Book,"Apr 15, 2016",PG,364001123,364001123,137857,Adventure|Drama|Fantasy
Blackbeard's Ghost,"Feb 8, 1968",,21540050,138612686,2035,Children|Comedy
The Boatniks,"Jul 1, 1970",,18607492,101200742,157324,Children|Comedy
Bedknobs and Broomsticks,"Oct 7, 1971",,17871174,91305448,1031,Adventure|Children|Musical
Freaky Friday,"Jan 21, 1977",,25942000,98067733,2014,Children|Comedy|Fantasy
Freaky Friday,"Jan 21, 1977",,25942000,98067733,6593,Children|Comedy|Fantasy
Freaky Friday,"Jan 21, 1977",,25942000,98067733,136592,(no genres listed)
Freaky Friday,"Jan 21, 1977",,25942000,98067733,192411,Children|Fantasy
Freaky Friday,"Aug 6, 2003",PG,110222438,154090360,2014,Children|Comedy|Fantasy
Freaky Friday,"Aug 6, 2003",PG,110222438,154090360,6593,Children|Comedy|Fantasy
Freaky Friday,"Aug 6, 2003",PG,110222438,154090360,136592,(no genres listed)
Freaky Friday,"Aug 6, 2003",PG,110222438,154090360,192411,Children|Fantasy
Herbie Goes to Monte Carlo,"Jun 24, 1977",,28000000,105847527,2051,Adventure|Children|Comedy
The Black Hole,"Dec 21, 1979",,35841901,120377374,162996,Sci-Fi|Thriller
The Black Hole,"Dec 21, 1979",,35841901,120377374,172843,Sci-Fi|Thriller
The Black Hole,"Dec 21, 1979",,35841901,120377374,175441,Comedy|Crime
Midnight Madness,"Feb 8, 1980",,2900000,9088096,4335,Comedy
Night Crossing,"Feb 5, 1982",,4500000,12903059,7356,Drama
Tron,"Jul 9, 1982",,26918576,77184895,2105,Action|Adventure|Sci-Fi
Tex,"Nov 19, 1982",,7199408,20643199,2104,Drama
Trenchcoat,"Mar 11, 1983",,4304286,11519089,160392,Children|Comedy|Crime|Mystery
Something Wicked This Way Comes,"Apr 29, 1983",,5656087,15136765,2097,Children|Drama|Fantasy|Mystery|Thriller
Never Cry Wolf,"Oct 7, 1983",,27668764,70669955,3347,Adventure|Drama
Running Brave,"Nov 4, 1983",,1204595,3223725,178551,Drama
Splash,"Mar 9, 1984",PG,62599495,157057661,2100,Comedy|Fantasy|Romance
Country,"Sep 29, 1984",,8400000,21075000,3110,Drama
Return to Oz,"Jun 21, 1985",,10618813,25215934,2093,Adventure|Children|Fantasy
My Science Project,"Aug 9, 1985",,4100000,9736051,2615,Adventure|Sci-Fi
One Magic Christmas,"Nov 22, 1985",,13229514,31415432,2086,Drama|Fantasy
Down and Out in Beverly Hills,"Jan 31, 1986",R,62134225,141183693,5548,Comedy
Off Beat,"Apr 11, 1986",,4842778,11003932,105117,Comedy|Romance
Off Beat,"Apr 11, 1986",,4842778,11003932,121491,Drama|Romance
Ruthless People,"Jun 27, 1986",R,71624879,162748712,2463,Comedy
Flight of the Navigator,"Jul 30, 1986",,18564613,42183197,2046,Adventure|Children|Sci-Fi
Tough Guys,"Oct 3, 1986",,21458229,48758184,2472,Comedy
Tough Guys,"Oct 3, 1986",,21458229,48758184,118738,Action|Crime
Outrageous Fortune,"Jan 30, 1987",R,52864741,113976921,2752,Comedy|Mystery
Tin Men,"Mar 6, 1987",,25411386,54787202,1395,Comedy|Drama
Ernest Goes to Camp,"May 22, 1987",,23509382,50686462,4104,Comedy
Benji the Hunted,"Jun 5, 1987",,15212539,32798382,3673,Adventure|Children
Adventures in Babysitting,"Jul 3, 1987",,33790923,72853569,2133,Adventure|Comedy
Adventures in Babysitting,"Jul 3, 1987",,33790923,72853569,160474,Comedy
Stakeout,"Aug 5, 1987",R,65673233,141592160,5553,Comedy|Crime|Romance|Thriller
Can't Buy Me Love,"Aug 14, 1987",,31623833,68181300,4091,Comedy|Romance
Hello Again,"Nov 6, 1987",,20419446,44024529,8382,Comedy
Hello Again,"Nov 6, 1987",,20419446,44024529,180735,Drama|Romance
Shoot to Kill,"Feb 12, 1988",,29300000,60097074,4543,Action|Adventure
Shoot to Kill,"Feb 12, 1988",,29300000,60097074,132840,Crime
D.O.A.,"Mar 18, 1988",,12706478,26062188,4496,Film-Noir|Mystery|Thriller
D.O.A.,"Mar 18, 1988",,12706478,26062188,4838,Documentary
D.O.A.,"Mar 18, 1988",,12706478,26062188,7223,Drama|Film-Noir|Mystery
Return to Snowy River,"Apr 15, 1988",PG,13687027,28073384,4534,Adventure|Drama|Western
Big Business,"Jun 10, 1988",PG,40150487,82352451,4476,Comedy
Big Business,"Jun 10, 1988",PG,40150487,82352451,208413,Comedy
Who Framed Roger Rabbit?,"Jun 22, 1988",PG,154112492,316250084,2987,Adventure|Animation|Children|Comedy|Crime|Fantasy|Mystery
Cocktail,"Jul 29, 1988",R,78222753,160442289,4487,Drama|Romance
Cocktail,"Jul 29, 1988",R,78222753,160442289,142384,Comedy|Drama|Romance
The Rescue,"Aug 5, 1988",,5855392,12009960,156154,Action
The Rescue,"Aug 5, 1988",,5855392,12009960,157468,Action|Adventure|Drama
Heartbreak Hotel,"Sep 30, 1988",,5509417,11300331,4510,Comedy
Heartbreak Hotel,"Sep 30, 1988",,5509417,11300331,108806,Comedy
The Good Mother,"Nov 4, 1988",,4764606,9772655,121919,Drama|Mystery|Thriller
Ernest Saves Christmas,"Nov 11, 1988",PG,28202109,57845202,4502,Children|Comedy
Oliver & Company,"Nov 18, 1988",G,49576671,102254492,709,Adventure|Animation|Children|Comedy|Musical
Beaches,"Dec 21, 1988",PG-13,57041866,120381757,4474,Comedy|Drama|Musical
Three Fugitives,"Jan 27, 1989",PG-13,40590000,85757817,4675,Action|Comedy
New York Stories,"Mar 1, 1989",PG,10763469,22740861,4628,Comedy|Drama
Disorganized Crime,"Apr 14, 1989",,7210149,15233465,4583,Action|Comedy
Dead Poets Society,"Jun 2, 1989",PG,95860116,202531517,1246,Drama
"Honey, I Shrunk the Kids","Jun 23, 1989",PG,130724172,276191669,2054,Adventure|Children|Comedy|Fantasy|Sci-Fi
Turner & Hooch,"Jul 28, 1989",PG,71079915,150176361,4677,Comedy|Crime
Cheetah,"Aug 18, 1989",,7882250,16653473,2039,Adventure|Children
Gross Anatomy,"Oct 20, 1989",PG-13,11346186,23972012,4600,Comedy|Drama
The Little Mermaid,"Nov 15, 1989",G,111543479,223726012,192701,Adventure|Fantasy|Romance
The Little Mermaid,"Nov 15, 1989",G,111543479,223726012,193537,Animation|Fantasy
Blaze,"Dec 13, 1989",R,19049727,39884640,4573,Comedy|Drama
Blaze,"Dec 13, 1989",R,19049727,39884640,192491,Drama
Stella,"Feb 2, 1990",PG-13,20062347,40077147,6321,Drama
Stella,"Feb 2, 1990",PG-13,20062347,40077147,83556,Drama
Stella,"Feb 2, 1990",PG-13,20062347,40077147,163160,(no genres listed)
Stella,"Feb 2, 1990",PG-13,20062347,40077147,166173,Romance
Where the Heart Is,"Feb 23, 1990",,1106475,2210321,3565,Comedy|Drama
Where the Heart Is,"Feb 23, 1990",,1106475,2210321,6481,Comedy|Drama
Pretty Woman,"Mar 23, 1990",R,178406268,356389765,597,Comedy|Romance
Ernest Goes to Jail,"Apr 6, 1990",PG,25029569,49999822,5584,Comedy
Spaced Invaders,"Apr 27, 1990",PG,15000000,29964452,5596,Adventure|Comedy|Sci-Fi
Fire Birds,"May 24, 1990",PG-13,14760451,29485923,7313,Action|Adventure
Dick Tracy,"Jun 15, 1990",PG,103738726,207231621,2616,Action|Crime
Betsy's Wedding,"Jun 22, 1990",R,19740070,39433357,5581,Comedy
Arachnophobia,"Jul 18, 1990",PG-13,53208180,106290270,2699,Comedy|Horror
Taking Care of Business,"Aug 17, 1990",R,20005435,39963460,5307,Comedy
Mr. Destiny,"Oct 12, 1990",PG-13,15379253,30722056,7012,Comedy|Fantasy
Green Card,"Dec 25, 1990",PG-13,29804169,59679131,6238,Comedy|Drama|Romance
White Fang,"Jan 18, 1991",PG,34729091,69540672,5361,Adventure
White Fang,"Jan 18, 1991",PG,34729091,69540672,107752,Adventure
White Fang,"Jan 18, 1991",PG,34729091,69540672,184969,(no genres listed)
White Fang,"Jan 18, 1991",PG,34729091,69540672,190339,Animation|Drama
Scenes from a Mall,"Feb 22, 1991",,9563393,19149495,6320,Comedy
Oscar,"Apr 26, 1991",PG,23562716,47181395,6424,Comedy|Crime|Mystery|Romance
Oscar,"Apr 26, 1991",PG,23562716,47181395,142020,Comedy
One Good Cop,"May 3, 1991",R,11276846,22580472,6240,Action|Crime|Drama
What About Bob?,"May 17, 1991",PG,63710000,127571325,3809,Comedy
Wild Hearts Can't Be Broken,"May 24, 1991",,7300000,14617333,26760,Drama|Romance
Paradise,"Sep 18, 1991",PG-13,18634643,37313540,6111,Adventure|Romance
Paradise,"Sep 18, 1991",PG-13,18634643,37313540,8063,Drama
Paradise,"Sep 18, 1991",PG-13,18634643,37313540,113459,Comedy|Drama
Paradise,"Sep 18, 1991",PG-13,18634643,37313540,121586,Romance
Paradise,"Sep 18, 1991",PG-13,18634643,37313540,162580,(no genres listed)
Paradise,"Sep 18, 1991",PG-13,18634643,37313540,181157,Drama
Deceived,"Sep 27, 1991",PG-13,28738096,57544453,33998,Thriller
Ernest Scared Stupid,"Oct 11, 1991",PG,14143280,28320147,5585,Comedy
Billy Bathgate,"Nov 1, 1991",R,15565363,31167691,5689,Crime|Drama
Beauty and the Beast,"Nov 13, 1991",G,218951625,363017667,595,Animation|Children|Fantasy|Musical|Romance|IMAX
Beauty and the Beast,"Nov 13, 1991",G,218951625,363017667,7064,Drama|Fantasy
Beauty and the Beast,"Nov 13, 1991",G,218951625,363017667,110635,Children|Fantasy|Horror|Romance
Beauty and the Beast,"Nov 13, 1991",G,218951625,363017667,130794,Children|Romance
Beauty and the Beast,"Nov 13, 1991",G,218951625,363017667,131622,Drama|Fantasy|Horror|Romance
Beauty and the Beast,"Nov 13, 1991",G,218951625,363017667,168366,Fantasy|Romance
Beauty and the Beast,"Nov 13, 1991",G,218951625,363017667,198403,Animation|Children|Comedy
Father of the Bride,"Dec 20, 1991",PG,89325780,179821881,934,Comedy
Father of the Bride,"Dec 20, 1991",PG,89325780,179821881,6944,Comedy
Medicine Man,"Feb 7, 1992",PG-13,44948240,91304495,2822,Adventure|Romance
Noises Off...,"Mar 20, 1992",PG-13,2280148,4631720,7647,Comedy
Straight Talk,"Apr 3, 1992",PG,21202099,43068356,6423,Comedy
Newsies,"Apr 8, 1992",PG,2706352,5497481,2084,Children|Musical
Passed Away,"Apr 24, 1992",PG-13,4030793,8187848,8041,Comedy
Encino Man,"May 22, 1992",PG,40057130,81369058,3243,Comedy
Sister Act,"May 29, 1992",PG,139605150,283583472,3247,Comedy|Crime
3 Ninjas,"Aug 7, 1992",PG,29028000,58965304,4748,Action|Children|Comedy
Captain Ron,"Sep 18, 1992",PG-13,22518097,45741576,5582,Adventure|Comedy
Sarafina!,"Sep 18, 1992",PG-13,7306242,14841352,3711,Drama
Innocent Blood,"Sep 25, 1992",R,4877567,9907922,26774,Comedy|Horror
1492: Conquest of Paradise,"Oct 9, 1992",PG-13,7099531,14421454,8905,Adventure|Drama
Consenting Adults,"Oct 16, 1992",R,21591728,43859823,6802,Thriller
Aladdin,"Nov 11, 1992",G,217350219,441969178,588,Adventure|Animation|Children|Comedy|Musical
Aladdin,"Nov 11, 1992",G,217350219,441969178,114240,Adventure|Animation|Children|Comedy|Fantasy
Aladdin,"Nov 11, 1992",G,217350219,441969178,119061,Adventure|Fantasy
Aladdin,"Nov 11, 1992",G,217350219,441969178,200540,Adventure|Fantasy|Romance
Alive,"Jan 15, 1993",R,36299670,73914543,3250,Drama
Alive,"Jan 15, 1993",R,36299670,73914543,27675,Action|Drama|Horror|Sci-Fi|Thriller
Alive,"Jan 15, 1993",R,36299670,73914543,144966,Drama|Fantasy|Mystery
Alive,"Jan 15, 1993",R,36299670,73914543,169418,Drama
Aspen Extreme,"Jan 22, 1993",PG-13,7843388,15970955,5580,Action
Homeward Bound: The Incredible Journey,"Feb 3, 1993",G,41833324,85182343,1015,Adventure|Children|Drama
Swing Kids,"Mar 5, 1993",PG-13,5632086,11468231,2106,Drama|War
Swing Kids,"Mar 5, 1993",PG-13,5632086,11468231,198583,Drama|War
Born Yesterday,"Mar 26, 1993",PG,17760754,36165012,3341,Comedy
Born Yesterday,"Mar 26, 1993",PG,17760754,36165012,6233,Comedy|Romance
Indian Summer,"Apr 23, 1993",R,14717851,29968953,1642,Comedy|Drama
Indian Summer,"Apr 23, 1993",R,14717851,29968953,5589,Comedy|Drama
Indian Summer,"Apr 23, 1993",R,14717851,29968953,88315,Drama
Super Mario Bros.,"May 28, 1993",PG,20844907,42445058,546,Action|Adventure|Children|Comedy|Fantasy|Sci-Fi
Guilty as Sin,"Jun 4, 1993",R,22622537,46064723,463,Crime|Drama|Thriller
Son in Law,"Jul 2, 1993",PG-13,25989889,52921433,542,Comedy|Drama|Romance
Hocus Pocus,"Jul 16, 1993",PG,39360491,80147079,2052,Children|Comedy|Fantasy|Horror
Another Stakeout,"Jul 23, 1993",PG-13,20107504,40943541,415,Comedy|Thriller
My Boyfriend's Back,"Aug 6, 1993",PG-13,3218882,6554384,2552,Comedy
My Boyfriend's Back,"Aug 6, 1993",PG-13,3218882,6554384,131606,(no genres listed)
Father Hood,"Aug 27, 1993",PG-13,3268203,6654819,8380,Comedy
Money for Nothing,"Sep 10, 1993",R,1044824,2127496,7229,Comedy|Crime
The Program,"Sep 24, 1993",R,23042200,46919256,142765,Drama
Cool Runnings,"Oct 1, 1993",PG,68856263,140392731,1020,Comedy
The Three Musketeers,"Nov 12, 1993",PG,53661805,109310377,150106,Adventure
The Three Musketeers,"Nov 12, 1993",PG,53661805,109310377,160908,Adventure|Comedy
Tombstone,"Dec 25, 1993",R,56505065,115781734,553,Action|Drama|Western
Cabin Boy,"Jan 7, 1994",PG-13,3469493,7168577,429,Comedy
Iron Will,"Jan 14, 1994",PG,20623071,42610902,5357,Adventure
Red Rock West,"Jan 28, 1994",R,2502551,5170709,373,Thriller
Blank Check,"Feb 11, 1994",PG,30573770,63170804,2036,Children|Comedy
Angie,"Mar 4, 1994",R,9252349,19116981,6788,Comedy|Drama|Romance
D2: The Mighty Ducks,"Mar 25, 1994",PG,45604206,94226333,2042,Children|Comedy
Holy Matrimony,"Apr 8, 1994",,713234,1473665,6907,Comedy|Crime
Holy Matrimony,"Apr 8, 1994",,713234,1473665,141283,Comedy|Drama
White Fang 2: Myth of the White Wolf,"Apr 15, 1994",PG,8752399,18083994,5362,Adventure|Children
When a Man Loves a Woman,"Apr 29, 1994",R,50021959,103354194,381,Drama|Romance
3 Ninjas Kick Back,"May 6, 1994",PG,11744960,24267154,4749,Action|Children|Comedy
Renaissance Man,"Jun 3, 1994",PG-13,24172899,49945474,516,Comedy|Drama
The Lion King,"Jun 15, 1994",G,422780140,761640898,203222,Adventure|Animation|Children|Drama
I Love Trouble,"Jun 29, 1994",PG,30806194,63651027,360,Action|Comedy
I Love Trouble,"Jun 29, 1994",PG,30806194,63651027,124230,Crime|Drama
Angels in the Outfield,"Jul 15, 1994",PG,50236831,103798152,1021,Children|Comedy
Angels in the Outfield,"Jul 15, 1994",PG,50236831,103798152,110597,Comedy|Fantasy
In the Army Now,"Aug 12, 1994",PG,28881266,59673787,473,Comedy|War
Color of Night,"Aug 19, 1994",R,19750470,40804816,436,Drama|Thriller
Camp Nowhere,"Aug 26, 1994",PG,10442641,21576332,6625,Adventure|Children|Comedy
It's Pat,"Aug 26, 1994",,60822,125666,6827,Comedy
Quiz Show,"Sep 14, 1994",PG-13,24787282,50840394,300,Drama
Terminal Velocity,"Sep 23, 1994",PG-13,16478900,34048315,548,Action|Mystery|Thriller
Ed Wood,"Sep 30, 1994",R,5828466,12042634,235,Comedy|Drama
Squanto: A Warrior's Tale,"Oct 28, 1994",PG,3319344,6858345,2101,Adventure|Drama
Houseguest,"Jan 6, 1995",PG,26325256,51016522,248,Comedy
Bad Company,"Jan 20, 1995",R,3523909,6829092,384,Action|Crime|Drama
Bad Company,"Jan 20, 1995",R,3523909,6829092,5414,Action|Comedy|Crime
Bad Company,"Jan 20, 1995",R,3523909,6829092,5426,Western
Bad Company,"Jan 20, 1995",R,3523909,6829092,187431,Drama|Romance
Bad Company,"Jun 7, 2002",PG-13,30157016,43756218,384,Action|Crime|Drama
Bad Company,"Jun 7, 2002",PG-13,30157016,43756218,5414,Action|Comedy|Crime
Bad Company,"Jun 7, 2002",PG-13,30157016,43756218,5426,Western
Bad Company,"Jun 7, 2002",PG-13,30157016,43756218,187431,Drama|Romance
Miami Rhapsody,"Jan 27, 1995",PG-13,5086578,9857435,278,Comedy
Man of the House,"Mar 3, 1995",PG,40029009,77573459,274,Comedy
Man of the House,"Mar 3, 1995",PG,40029009,77573459,31867,Action|Comedy
Roommates,"Mar 3, 1995",PG,12076989,23404369,304,Comedy|Drama
Roommates,"Mar 3, 1995",PG,12076989,23404369,118033,Comedy|Drama|Romance
Tall Tale,"Mar 24, 1995",PG,8247627,15983331,2103,Adventure|Children|Fantasy|Western
Jefferson in Paris,"Mar 31, 1995",PG-13,2461628,4770461,254,Drama
Funny Bones,"Mar 31, 1995",R,529135,1025425,3446,Comedy|Drama
While You Were Sleeping,"Apr 21, 1995",PG,81057016,157082900,339,Comedy|Romance
Crimson Tide,"May 12, 1995",R,91387195,177102077,161,Drama|Thriller|War
Mad Love,"May 26, 1995",PG-13,15446532,29934306,179,Drama|Romance
Mad Love,"May 26, 1995",PG-13,15446532,29934306,5559,Drama
Mad Love,"May 26, 1995",PG-13,15446532,29934306,51287,Horror|Romance
Mad Love,"May 26, 1995",PG-13,15446532,29934306,111885,Drama|Romance
Mad Love,"May 26, 1995",PG-13,15446532,29934306,159809,Drama|Romance
Pocahontas,"Jun 10, 1995",G,141579773,274370957,48,Animation|Children|Drama|Musical|Romance
Judge Dredd,"Jun 30, 1995",R,34687912,67222776,173,Action|Crime|Sci-Fi
Operation Dumbo Drop,"Jul 28, 1995",PG,24670346,47809421,688,Action|Adventure|Comedy|War
Dangerous Minds,"Aug 11, 1995",R,84919401,164552293,31,Drama
Unstrung Heroes,"Sep 15, 1995",PG,7929000,15365850,205,Comedy|Drama
Dead Presidents,"Oct 4, 1995",R,24120194,46741467,42,Action|Crime|Drama
Feast of July,"Oct 13, 1995",R,293274,568342,167,Drama
Powder,"Oct 27, 1995",PG-13,30833914,59727216,24,Drama|Sci-Fi
Powder,"Oct 27, 1995",PG-13,30833914,59727216,208945,Comedy|Drama
Toy Story,"Nov 22, 1995",G,191796233,370409631,1,Adventure|Animation|Children|Comedy|Fantasy
Father of the Bride Part II,"Dec 8, 1995",PG,76578911,147658438,5,Comedy
Nixon,"Dec 20, 1995",R,13668249,26302005,14,Drama
Tom and Huck,"Dec 22, 1995",PG,23837227,45911517,8,Adventure|Children
Mr. Holland's Opus,"Dec 29, 1995",PG,82582604,157508868,62,Drama
White Squall,"Feb 2, 1996",PG-13,10229300,19509726,86,Action|Adventure|Drama
Muppet Treasure Island,"Feb 16, 1996",G,34327391,65470567,107,Adventure|Children|Comedy|Musical
Mr. Wrong,"Feb 16, 1996",PG-13,12805071,24422334,102,Comedy
Before and After,"Feb 23, 1996",PG-13,8642118,16482589,113,Drama|Mystery
Two Much,"Mar 15, 1996",PG-13,1078555,2057055,618,Comedy|Romance
James and the Giant Peach,"Apr 12, 1996",PG,28921264,55159783,661,Adventure|Animation|Children|Fantasy|Musical
Celtic Pride,"Apr 19, 1996",PG-13,9240378,17623615,710,Comedy
Last Dance,"May 3, 1996",R,5857534,11171714,726,Drama
Boys,"May 10, 1996",PG-13,21930418,41826566,703,Drama
Boys,"May 10, 1996",PG-13,21930418,41826566,89133,Drama
Boys,"May 10, 1996",PG-13,21930418,41826566,130628,Drama
Boys,"May 10, 1996",PG-13,21930418,41826566,195079,(no genres listed)
Spy Hard,"May 24, 1996",PG-13,26936265,51373912,743,Comedy
Eddie,"May 31, 1996",PG-13,31369401,59828966,656,Comedy
Phenomenon,"Jul 5, 1996",PG,104636382,199559799,802,Drama|Romance
Kazaam,"Jul 17, 1996",PG,18880508,36009655,810,Children|Comedy|Fantasy
Jack,"Aug 9, 1996",PG-13,58617334,111792852,765,Comedy|Drama
Jack,"Aug 9, 1996",PG-13,58617334,111792852,158838,(no genres listed)
Jack,"Aug 9, 1996",PG-13,58617334,111792852,163557,Drama
First Kid,"Aug 30, 1996",PG,26465920,50465108,881,Children|Comedy
D3: The Mighty Ducks,"Oct 4, 1996",PG,22936273,43713554,1005,Children|Comedy
Ransom,"Nov 8, 1996",R,136492681,259807820,832,Crime|Thriller
Ransom,"Nov 8, 1996",R,136492681,259807820,7197,Crime|Thriller
The War at Home,"Nov 20, 1996",R,34368,65543,120821,Documentary|War
Evita,"Dec 25, 1996",PG,50047179,92077628,1416,Drama|Musical
Metro,"Jan 17, 1997",R,32017895,58804106,1432,Action|Comedy|Crime|Drama|Thriller
Metro,"Jan 17, 1997",R,32017895,58804106,135127,Action|Thriller
Prefontaine,"Jan 24, 1997",PG-13,590817,1085093,1442,Drama
Shadow Conspiracy,"Jan 31, 1997",R,2154540,3957025,1055,Thriller
That Darn Cat,"Feb 14, 1997",PG,18301828,33613158,1460,Children|Comedy|Mystery
Grosse Pointe Blank,"Apr 11, 1997",R,28084357,51579764,1500,Comedy|Crime|Romance
Romy and Michele's High School Reunion,"Apr 25, 1997",R,29235353,53693680,1513,Comedy
Gone Fishin',"May 30, 1997",PG,19745922,36265379,870,Comedy
Con Air,"Jun 6, 1997",R,101117573,185712664,1552,Action|Adventure|Thriller
Hercules,"Jun 13, 1997",G,99112101,182029412,1566,Adventure|Animation|Children|Comedy|Musical
Hercules,"Jun 13, 1997",G,99112101,182029412,112911,Action|Adventure
Hercules,"Jun 13, 1997",G,99112101,182029412,128201,Action|Adventure|Fantasy
Hercules,"Jun 13, 1997",G,99112101,182029412,170433,Action|Fantasy
Air Bud,"Aug 1, 1997",PG,24646936,45266588,1592,Children|Comedy
G.I. Jane,"Aug 22, 1997",R,48169156,88467531,1586,Action|Drama
Washington Square,"Oct 5, 1997",PG,1775644,3257546,1650,Drama
Playing God,"Oct 17, 1997",R,4166918,7652965,1647,Crime|Drama|Thriller
Flubber,"Nov 26, 1997",PG,92993801,170406423,1702,Children|Comedy|Fantasy
Mr. Magoo,"Dec 25, 1997",PG,21437192,39145784,1731,Comedy
Kundun,"Dec 25, 1997",PG-13,5686694,10236836,1730,Drama
Deep Rising,"Jan 30, 1998",R,11203026,20136775,1762,Action|Horror|Sci-Fi
Krippendorf's Tribe,"Feb 27, 1998",PG-13,7571115,13608633,1855,Comedy
Meet the Deedles,"Mar 27, 1998",PG,4356126,7829877,1822,Children|Comedy
He Got Game,"May 1, 1998",R,21567853,38766948,1840,Drama
Mulan,"Jun 19, 1998",G,120620254,216807832,1907,Adventure|Animation|Children|Comedy|Drama|Musical|Romance
Mulan,"Jun 19, 1998",G,120620254,216807832,90620,Action|Adventure|Drama|Romance
Armageddon,"Jul 1, 1998",PG-13,201578182,362324957,1917,Action|Romance|Sci-Fi|Thriller
Firelight,"Sep 4, 1998",R,784419,1409943,2197,Drama
Simon Birch,"Sep 11, 1998",PG,18253415,32809442,2236,Drama
Holy Man,"Oct 9, 1998",PG,12069719,21694605,2306,Comedy
Beloved,"Oct 16, 1998",R,22852487,41062682,2314,Drama
Beloved,"Oct 16, 1998",R,22852487,41062682,96259,Drama|Musical|Romance
I'll Be Home For Christmas,"Nov 13, 1998",PG,12214338,21941840,2339,Comedy|Romance
Enemy of the State,"Nov 20, 1998",R,111549836,198472008,2353,Action|Thriller
Rushmore,"Dec 11, 1998",R,17105219,28392518,2395,Comedy|Drama
Mighty Joe Young,"Dec 25, 1998",PG,50632037,87906042,2429,Action|Adventure|Drama|Fantasy|Thriller
Mighty Joe Young,"Dec 25, 1998",PG,50632037,87906042,2430,Adventure|Children|Drama
My Favorite Martian,"Feb 12, 1999",PG,36850101,61150849,2498,Comedy|Sci-Fi
Doug's 1st Movie,"Mar 26, 1999",G,19421271,32228598,2566,Animation|Children
Endurance,"May 14, 1999",PG,229128,380218,2627,Documentary|Drama
Instinct,"Jun 4, 1999",R,34105207,56595842,2676,Drama|Thriller
Instinct,"Jun 4, 1999",R,34105207,56595842,208158,Drama
Tarzan,"Jun 16, 1999",G,171091819,283900254,2687,Adventure|Animation|Children|Drama
Tarzan,"Jun 16, 1999",G,171091819,283900254,121115,Adventure|Animation|Children|Drama
Summer of Sam,"Jul 2, 1999",R,19288130,32007656,2702,Drama
Inspector Gadget,"Jul 23, 1999",PG,97387965,161610341,2720,Action|Adventure|Children|Comedy
The Sixth Sense,"Aug 6, 1999",PG-13,293506292,485424724,197499,Drama
Breakfast of Champions,"Sep 17, 1999",R,178287,295851,2507,Comedy|Sci-Fi
Mumford,"Sep 24, 1999",R,4559569,7566363,2883,Comedy|Drama
"Mystery, Alaska","Oct 1, 1999",R,8891623,14755189,2889,Comedy|Drama
Toy Story 2,"Nov 19, 1999",G,245852179,404450426,3114,Adventure|Animation|Children|Comedy|Fantasy
Cradle Will Rock,"Dec 8, 1999",R,2899970,4609153,3145,Drama
Deuce Bigalow: Male Gigolo,"Dec 10, 1999",R,65535067,106921374,3146,Comedy
Bicentennial Man,"Dec 17, 1999",PG,58220776,94838225,3156,Drama|Romance|Sci-Fi
Play it to the Bone,"Dec 24, 1999",R,8427204,13180524,3180,Comedy|Drama
Gun Shy,"Feb 4, 2000",R,1638202,2562155,3276,Comedy
Gun Shy,"Feb 4, 2000",R,1638202,2562155,177567,Action|Adventure|Comedy
Mission to Mars,"Mar 10, 2000",PG,60874615,95208344,3354,Sci-Fi
High Fidelity,"Mar 31, 2000",R,27277055,42661516,3481,Comedy|Drama|Romance
Keeping the Faith,"Apr 14, 2000",PG-13,37036404,57925202,3536,Comedy|Drama|Romance
Dinosaur,"May 19, 2000",PG,137748063,215438985,3615,Adventure|Animation|Children
Shanghai Noon,"May 26, 2000",PG-13,56932305,89042541,3624,Action|Adventure|Comedy|Western
Gone in 60 Seconds,"Jun 9, 2000",PG-13,101643008,158970411,3717,Action|Crime
Gone in 60 Seconds,"Jun 9, 2000",PG-13,101643008,158970411,26322,Action|Crime|Drama
The Kid,"Jul 7, 2000",PG,69688384,108993148,163745,Action|Children|Drama
The Kid,"Jul 7, 2000",PG,69688384,108993148,165917,Drama
The Kid,"Jul 7, 2000",PG,69688384,108993148,199255,Drama|Western
Coyote Ugly,"Aug 4, 2000",PG-13,60786269,95070168,3825,Comedy|Drama|Romance
The Crew,"Aug 25, 2000",PG-13,13019253,20362201,158402,Action
The Crew,"Aug 25, 2000",PG-13,13019253,20362201,189835,Crime|Drama|Thriller
Duets,"Sep 15, 2000",R,4734235,7404372,3901,Comedy|Drama
Remember the Titans,"Sep 29, 2000",PG,115654751,180742479,3916,Drama
Unbreakable,"Nov 22, 2000",PG-13,94999143,148208901,3994,Drama|Sci-Fi
102 Dalmatians,"Nov 22, 2000",G,66941559,104055039,3991,Children|Comedy
"O Brother, Where Art Thou?","Dec 22, 2000",PG-13,45506619,67922002,4027,Adventure|Comedy|Crime
Double Take,"Jan 12, 2001",PG-13,29823162,44418589,4053,Action|Comedy
Double Take,"Jan 12, 2001",PG-13,29823162,44418589,86941,Documentary
Recess: School's Out,"Feb 16, 2001",G,36696761,54656124,4154,Animation|Children
Just Visiting,"Apr 6, 2001",PG-13,4777007,7114869,4240,Comedy|Fantasy
Pearl Harbor,"May 25, 2001",PG-13,198539855,295705112,4310,Action|Drama|Romance|War
Atlantis: The Lost Empire,"Jun 8, 2001",PG,84052762,125188122,4366,Adventure|Animation|Children|Fantasy
Bubble Boy,"Aug 24, 2001",PG-13,5002310,7450434,4732,Comedy
Max Keeble's Big Move,"Oct 5, 2001",PG,17292381,25749730,4822,Children|Comedy
Corky Romano,"Oct 12, 2001",PG-13,23978402,35705805,4845,Comedy|Crime
High Heels and Low Lifes,"Oct 26, 2001",R,226792,337782,4879,Action|Comedy|Crime|Drama
"Monsters, Inc.","Nov 2, 2001",G,289423425,416073179,4886,Adventure|Animation|Children|Comedy|Fantasy
Out Cold,"Nov 21, 2001",PG-13,13906394,20700691,4900,Comedy
Out Cold,"Nov 21, 2001",PG-13,13906394,20700691,31049,Comedy|Thriller
Snow Dogs,"Jan 18, 2002",PG,81150692,117745317,5048,Adventure|Children|Comedy
The Count of Monte Cristo,"Jan 25, 2002",PG-13,54228104,78682079,5064,Action|Adventure|Drama|Thriller
The Count of Monte Cristo,"Jan 25, 2002",PG-13,54228104,78682079,57854,Action|Adventure|Drama|Romance|Thriller
The Count of Monte Cristo,"Jan 25, 2002",PG-13,54228104,78682079,104072,Adventure|Drama|Romance
The Count of Monte Cristo,"Jan 25, 2002",PG-13,54228104,78682079,127262,Adventure|Drama|Romance
The Count of Monte Cristo,"Jan 25, 2002",PG-13,54228104,78682079,128295,(no genres listed)
Reign of Fire,"Feb 19, 2002",PG-13,43061982,62480631,5463,Action|Adventure|Fantasy
Sorority Boys,"Mar 22, 2002",R,10198766,14797862,5255,Comedy
Big Trouble,"Apr 5, 2002",PG-13,7262288,10537188,4774,Comedy|Crime
Big Trouble,"Apr 5, 2002",PG-13,7262288,10537188,6601,Comedy
Lilo & Stitch,"Jun 21, 2002",PG,145771527,211506702,5444,Adventure|Animation|Children|Sci-Fi
Signs,"Aug 2, 2002",PG-13,227965690,330754439,5502,Horror|Sci-Fi|Thriller
Signs,"Aug 2, 2002",PG-13,227965690,330754439,126008,Romance
Sweet Home Alabama,"Sep 27, 2002",PG-13,127214072,184521151,5620,Comedy|Romance
Moonlight Mile,"Sep 27, 2002",PG-13,6830957,9909094,5625,Drama|Romance
Tuck Everlasting,"Oct 11, 2002",PG,19161999,27789959,5667,Drama|Fantasy
Treasure Planet,"Nov 27, 2002",PG,38120554,55189145,5882,Adventure|Animation|Children|Sci-Fi|IMAX
25th Hour,"Dec 19, 2002",R,13084595,18325463,5954,Crime|Drama
Shanghai Knights,"Feb 7, 2003",PG-13,60470220,84537962,6156,Action|Adventure|Comedy
Bringing Down the House,"Mar 7, 2003",PG-13,132675402,185481530,6212,Comedy
Piglet's Big Movie,"Mar 21, 2003",G,23103423,32298812,6251,Animation|Children
Ghosts of the Abyss,"Apr 11, 2003",G,17093668,23803108,6289,Documentary|IMAX
Holes,"Apr 18, 2003",PG,67383924,94203395,6297,Adventure|Children|Comedy|Mystery
Finding Nemo,"May 30, 2003",G,380529370,518148559,6377,Adventure|Animation|Children|Comedy
Open Range,"Aug 15, 2003",R,58331254,81547672,6617,Western
Cold Creek Manor,"Sep 19, 2003",R,21384035,29895090,6751,Drama|Thriller
Under the Tuscan Sun,"Sep 26, 2003",PG-13,43601508,60944053,6765,Comedy|Drama|Romance
Veronica Guerin,"Oct 17, 2003",R,1569918,2194759,6884,Crime|Drama|Thriller
Brother Bear,"Oct 24, 2003",G,85336277,119218333,6889,Adventure|Animation|Children
Calendar Girls,"Dec 19, 2003",PG-13,31011616,42379650,7155,Comedy
Miracle,"Feb 6, 2004",PG,64378093,87392478,7263,Drama
Confessions of a Teenage Drama Queen,"Feb 20, 2004",PG,29331068,39816568,7316,Comedy
Hidalgo,"Mar 5, 2004",PG-13,67286731,91340921,7324,Adventure|Drama
Home on the Range,"Apr 2, 2004",PG,50026353,67910166,7374,Animation|Children|Comedy|Musical|Western
The Alamo,"Apr 9, 2004",PG-13,22406362,30416359,7379,Drama|War|Western
Raising Helen,"May 28, 2004",PG-13,37485528,50886144,8362,Comedy|Drama|Romance
Around the World in 80 Days,"Jun 16, 2004",PG,24004159,32585356,952,Adventure|Comedy
Around the World in 80 Days,"Jun 16, 2004",PG,24004159,32585356,8526,Adventure|Children|Comedy
Around the World in 80 Days,"Jun 16, 2004",PG,24004159,32585356,161474,Adventure|Drama
America's Heart and Soul,"Jul 2, 2004",Not Rated,314000,426246,8637,Documentary
King Arthur,"Jul 7, 2004",PG-13,51877963,70423706,8640,Action|Adventure|Drama|War
The Village,"Jul 30, 2004",PG-13,114197520,155021748,131654,(no genres listed)
The Village,"Jul 30, 2004",PG-13,114197520,155021748,194600,Animation
Mr. 3000,"Sep 17, 2004",PG-13,21800302,29593641,8864,Comedy|Drama
Ladder 49,"Oct 1, 2004",PG-13,74541707,101161045,8908,Action|Drama|Thriller
National Treasure,"Nov 19, 2004",PG,173005002,234069353,8972,Action|Adventure|Drama|Mystery|Thriller
Aliens of the Deep,"Jan 28, 2005",G,8968684,11740942,31429,Documentary|IMAX
Pooh's Heffalump Movie,"Feb 11, 2005",G,18098433,23801835,31687,Animation|Children
Ice Princess,"Mar 18, 2005",G,24381334,32064685,32289,Children|Comedy|Drama
Herbie: Fully Loaded,"Jun 22, 2005",G,66010682,86812798,33830,Adventure|Comedy|Romance
Dark Water,"Jul 8, 2005",PG-13,25473093,33500491,8019,Drama|Horror|Mystery|Thriller
Dark Water,"Jul 8, 2005",PG-13,25473093,33500491,34143,Drama|Horror|Thriller
Sky High,"Jul 29, 2005",PG,63939454,84088854,34332,Action|Adventure|Children|Comedy
Sky High,"Jul 29, 2005",PG,63939454,84088854,144522,Action|Horror|Thriller
Valiant,"Aug 19, 2005",G,19478106,25616292,36397,Adventure|Animation|Children|Comedy|Fantasy|War
Flightplan,"Sep 23, 2005",PG-13,89706988,117960425,37727,Action|Drama|Thriller
Shopgirl,"Oct 21, 2005",R,10284523,13519621,39414,Comedy|Drama|Romance
Chicken Little,"Nov 4, 2005",G,135386665,177954661,40339,Action|Adventure|Animation|Children|Comedy|Sci-Fi
Chicken Little,"Nov 4, 2005",G,135386665,177954661,197827,Animation|Children
Casanova,"Dec 25, 2005",R,11304403,14574087,42015,Action|Adventure|Comedy|Drama|Romance
Casanova,"Dec 25, 2005",R,11304403,14574087,128862,Comedy|Drama|Romance
Glory Road,"Jan 13, 2006",PG,42647449,54888236,42730,Drama
Annapolis,"Jan 27, 2006",PG-13,17127992,22044113,43556,Drama
Eight Below,"Feb 17, 2006",PG,81612565,105037235,43917,Action|Adventure|Drama|Romance
Stay Alive,"Mar 24, 2006",PG-13,23086480,29712825,44731,Horror|Sci-Fi|Thriller
Stick It,"Apr 28, 2006",PG-13,26910736,34634731,45221,Comedy
Goal! The Dream Begins,"May 12, 2006",PG,4283255,5512647,38388,Drama
Cars,"Jun 9, 2006",G,244082982,314140384,45517,Animation|Children|Comedy
Step Up,"Aug 11, 2006",PG-13,65328121,84078780,47382,Drama|Romance
Invincible,"Aug 25, 2006",PG,57806952,74398864,5615,Drama
Invincible,"Aug 25, 2006",PG,57806952,74398864,47644,Drama
Déjà Vu,"Nov 22, 2006",PG-13,64038616,82267038,2175,Drama|Romance
Déjà Vu,"Nov 22, 2006",PG-13,64038616,82267038,49278,Action|Sci-Fi|Thriller
Déjà Vu,"Nov 22, 2006",PG-13,64038616,82267038,188899,Drama|Horror
Apocalypto,"Dec 8, 2006",R,50866635,64959548,48304,Adventure|Drama|Thriller
Primeval,"Jan 12, 2007",R,10597734,12985302,50440,Horror|Thriller
Bridge to Terabithia,"Feb 16, 2007",PG,82234139,100760721,50601,Adventure|Children|Fantasy
Wild Hogs,"Mar 2, 2007",PG-13,168213584,206110533,51575,Adventure|Comedy
Meet the Robinsons,"Mar 30, 2007",G,97822171,119860589,52287,Action|Adventure|Animation|Children|Comedy|Sci-Fi
The Lookout,"Mar 30, 2007",R,4600585,5637048,122234,Action|Crime|Thriller
Ratatouille,"Jun 29, 2007",G,206445654,252955933,50872,Animation|Children|Drama
Underdog,"Aug 3, 2007",PG,43760605,53619462,54278,Action|Adventure|Children|Comedy|Fantasy|Sci-Fi
Underdog,"Aug 3, 2007",PG,43760605,53619462,141755,Drama
Dan in Real Life,"Oct 20, 2007",PG-13,47642963,58350234,55267,Comedy|Drama|Romance
Enchanted,"Nov 21, 2007",PG,127706877,156074310,56152,Adventure|Animation|Children|Comedy|Fantasy|Musical|Romance
Step Up 2 the Streets,"Feb 14, 2008",PG-13,58017783,68118371,58107,Drama|Musical|Romance
College Road Trip,"Mar 7, 2008",G,45610425,53550960,58291,Comedy
Swing Vote,"Aug 1, 2008",PG-13,16289867,19125841,60939,Comedy|Drama
Miracle at St. Anna,"Sep 26, 2008",R,7916887,9295171,61991,Drama|Mystery|War
Beverly Hills Chihuahua,"Oct 3, 2008",PG,94514402,110932022,63540,Adventure|Children|Comedy
Morning Light,"Oct 17, 2008",PG,275093,322979,150556,Documentary
High School Musical 3: Senior Year,"Oct 24, 2008",G,90559416,106308538,62912,Musical
Bolt,"Nov 21, 2008",PG,114053759,133702498,63859,Action|Adventure|Animation|Children|Comedy
Bolt,"Nov 21, 2008",PG,114053759,133702498,147539,Action|Crime|Drama
Bedtime Stories,"Dec 25, 2008",PG,110101975,128039679,65088,Adventure|Children|Comedy
Confessions of a Shopaholic,"Feb 13, 2009",PG,44277350,49767744,67788,Comedy|Romance
Race to Witch Mountain,"Mar 13, 2009",PG,67172594,75501997,70305,Adventure|Children|Fantasy|Sci-Fi|Thriller
Earth,"Apr 22, 2009",G,32011576,35981010,6682,Drama|War
Earth,"Apr 22, 2009",G,32011576,35981010,33245,Drama
Earth,"Apr 22, 2009",G,32011576,35981010,68522,Documentary
Up,"May 29, 2009",PG,293004164,329336681,68954,Adventure|Animation|Children|Drama
The Proposal,"Jun 19, 2009",PG-13,163958031,184288829,194508,Documentary
G-Force,"Jul 24, 2009",PG,119436770,134246932,70697,Action|Adventure|Children|Fantasy
X Games 3D: The Movie,"Aug 21, 2009",PG,1391434,1563976,85505,Documentary
Surrogates,"Sep 25, 2009",PG-13,38577772,43361416,71530,Action|Sci-Fi|Thriller
Old Dogs,"Nov 25, 2009",PG,49492060,55503929,72696,Comedy
When in Rome,"Jan 29, 2010",PG-13,32680633,34917330,74154,Comedy|Romance
When in Rome,"Jan 29, 2010",PG-13,32680633,34917330,121190,Children|Comedy
Alice in Wonderland,"Mar 5, 2010",PG,334191110,357063499,1032,Adventure|Animation|Children|Fantasy|Musical
Alice in Wonderland,"Mar 5, 2010",PG,334191110,357063499,74789,Adventure|Fantasy|IMAX
Alice in Wonderland,"Mar 5, 2010",PG,334191110,357063499,80748,Adventure|Children|Fantasy
Alice in Wonderland,"Mar 5, 2010",PG,334191110,357063499,124048,Children|Fantasy|Sci-Fi
Alice in Wonderland,"Mar 5, 2010",PG,334191110,357063499,142094,Children|Fantasy
Alice in Wonderland,"Mar 5, 2010",PG,334191110,357063499,161111,Fantasy
Alice in Wonderland,"Mar 5, 2010",PG,334191110,357063499,178635,Children|Fantasy
Waking Sleeping Beauty,"Mar 26, 2010",PG,80741,86264,77154,Animation|Documentary
Oceans,"Apr 22, 2010",G,19422319,20751600,76054,Documentary|Drama
Toy Story 3,"Jun 18, 2010",G,415004880,443408255,78499,Adventure|Animation|Children|Comedy|Fantasy|IMAX
The Sorcerer's Apprentice,"Jul 14, 2010",PG,63150991,67473105,172411,Animation|Drama
Step Up 3D,"Aug 6, 2010",PG-13,42400223,45302137,80222,Drama|Romance
You Again,"Sep 24, 2010",PG,25702053,27461121,80858,Comedy
Secretariat,"Oct 8, 2010",PG,59699513,63781920,80839,Adventure|Drama
Tangled,"Nov 24, 2010",PG,200821936,214388548,81847,Animation|Children|Comedy|Fantasy|Musical|Romance|IMAX
Tangled,"Nov 24, 2010",PG,200821936,214388548,138616,Drama|Mystery|Thriller
Tron: Legacy,"Dec 17, 2010",PG,172062763,183619259,82461,Action|Adventure|Sci-Fi|IMAX
Mars Needs Moms,"Mar 11, 2011",PG,21392758,22741603,85261,Action|Adventure|Animation|Children|Comedy|Sci-Fi|IMAX
African Cats,"Apr 22, 2011",G,15428747,16401551,86593,Adventure|Documentary
Zokkomon,"Apr 22, 2011",PG,2815,2984,182339,Sci-Fi
Prom,"Apr 29, 2011",PG,10130219,10768946,89194,Comedy|Drama
Cars 2,"Jun 24, 2011",G,191450875,203522177,87876,Adventure|Animation|Children|Comedy|IMAX
Winnie the Pooh,"Jul 15, 2011",G,26692846,28375869,88267,Animation|Children|Comedy
Fright Night,"Aug 19, 2011",R,18298649,19452402,2867,Comedy|Horror|Thriller
Fright Night,"Aug 19, 2011",R,18298649,19452402,89030,Comedy|Horror
Real Steel,"Oct 7, 2011",PG-13,85463309,90848019,90249,Action|Drama|Sci-Fi|IMAX
War Horse,"Dec 25, 2011",PG-13,79883359,84762149,91126,Drama|War
John Carter,"Mar 9, 2012",PG-13,73058679,77372445,93363,Action|Adventure|Sci-Fi|IMAX
Chimpanzee,"Apr 20, 2012",G,28965459,30675725,95069,Documentary
Brave,"Jun 22, 2012",PG,237282182,251292441,95167,Action|Adventure|Animation|Children
Brave,"Jun 22, 2012",PG,237282182,251292441,148590,Drama
People Like Us,"Jun 29, 2012",PG-13,12431792,13165822,95567,Drama
Frankenweenie,"Oct 5, 2012",PG,35287788,37363513,97172,Animation|Comedy|Horror|IMAX
Frankenweenie,"Oct 5, 2012",PG,35287788,37363513,171191,Children|Comedy
Wreck-It Ralph,"Nov 2, 2012",PG,189412677,200354959,97913,Animation|Comedy
Lincoln,"Nov 9, 2012",PG-13,182207973,192122330,98154,Drama|War
Oz the Great and Powerful,"Mar 8, 2013",PG,234770996,243434130,101112,Action|Adventure|Fantasy|IMAX
Iron Man 3,"May 3, 2013",PG-13,408992272,424084233,102125,Action|Sci-Fi|Thriller|IMAX
Monsters University,"Jun 21, 2013",G,268488329,278395641,103141,Adventure|Animation|Comedy
The Lone Ranger,"Jul 2, 2013",PG-13,89302115,92597388,121693,Western
Thor: The Dark World,"Nov 8, 2013",PG-13,206362140,213962184,106072,Action|Adventure|Fantasy|IMAX
Frozen,"Nov 22, 2013",PG,400738009,414997174,75395,Drama|Horror|Thriller
Frozen,"Nov 22, 2013",PG,400738009,414997174,82452,Drama
Frozen,"Nov 22, 2013",PG,400738009,414997174,106696,Adventure|Animation|Comedy|Fantasy|Musical|Romance
Frozen,"Nov 22, 2013",PG,400738009,414997174,118818,Fantasy|Romance
Delivery Man,"Nov 22, 2013",PG-13,30659817,31787136,106540,Comedy
Saving Mr. Banks,"Dec 13, 2013",PG-13,83299761,86249969,107141,Comedy|Drama
Need for Speed,"Mar 14, 2014",PG-13,43568507,44955015,109850,Action|Crime|Drama|IMAX
Muppets Most Wanted,"Mar 21, 2014",PG,51178893,52807594,110297,Adventure|Comedy|Crime
Captain America: The Winter Soldier,"Apr 4, 2014",PG-13,259746958,268013076,110102,Action|Adventure|Sci-Fi|IMAX
Bears,"Apr 18, 2014",G,17780194,18346024,110678,Documentary
Maleficent,"May 30, 2014",PG,241407328,249089809,111659,Action|Adventure|Children|IMAX
Guardians of the Galaxy,"Aug 1, 2014",PG-13,333172112,343771168,112852,Action|Adventure|Sci-Fi
The Hundred-Foot Journey,"Aug 8, 2014",PG,54235441,55961409,113275,Comedy|Drama
Big Hero 6,"Nov 7, 2014",PG,222527828,229249222,115617,Action|Animation|Comedy
Into the Woods,"Dec 25, 2014",PG,128002372,130894237,8580,Adventure|Comedy|Fantasy|Musical
Into the Woods,"Dec 25, 2014",PG,128002372,130894237,118997,Children|Comedy|Fantasy|Musical
Into the Woods,"Dec 25, 2014",PG,128002372,130894237,165399,(no genres listed)
Strange Magic,"Jan 23, 2015",PG,12429583,12429583,126482,Animation|Children|Fantasy|Musical
"McFarland, USA","Feb 20, 2015",PG,44480275,44480275,129659,Drama
Monkey Kingdom,"Apr 17, 2015",G,16432322,16432322,132458,Documentary
Avengers: Age of Ultron,"May 1, 2015",PG-13,459005868,459005868,122892,Action|Adventure|Sci-Fi
Tomorrowland,"May 22, 2015",PG,93436322,93436322,132046,Action|Adventure|Children|Mystery|Sci-Fi
Inside Out,"Jun 19, 2015",PG,356461711,356461711,122470,Crime|Drama
Inside Out,"Jun 19, 2015",PG,356461711,356461711,134853,Adventure|Animation|Children|Comedy|Drama|Fantasy
Inside Out,"Jun 19, 2015",PG,356461711,356461711,139022,Drama|Mystery|Thriller
Inside Out,"Jun 19, 2015",PG,356461711,356461711,205277,Comedy|Drama|Romance
Ant-Man,"Jul 17, 2015",PG-13,180202163,180202163,122900,Action|Adventure|Sci-Fi
Bridge of Spies,"Oct 16, 2015",PG-13,72313754,72313754,143385,Drama|Thriller
The Good Dinosaur,"Nov 25, 2015",PG,123087120,123087120,136016,Adventure|Animation|Children|Comedy|Fantasy
The Finest Hours,"Jan 29, 2016",PG,27569558,27569558,151777,Drama|Thriller
Zootopia,"Mar 4, 2016",PG,341268248,341268248,152081,Action|Adventure|Animation|Children|Comedy
A Beautiful Planet,"Apr 29, 2016",G,7895708,7895708,161181,Documentary
Captain America: Civil War,"May 6, 2016",PG-13,408084349,408084349,122920,Action|Sci-Fi|Thriller
Alice Through the Looking Glass,"May 27, 2016",PG,77042381,77042381,135965,Children|Fantasy
Alice Through the Looking Glass,"May 27, 2016",PG,77042381,77042381,158813,Adventure|Children|Fantasy
Finding Dory,"Jun 17, 2016",PG,486295561,486295561,157296,Adventure|Animation|Comedy
The BFG,"Jul 1, 2016",PG,55483770,55483770,158830,Children|Fantasy
The BFG,"Jul 1, 2016",PG,55483770,55483770,186197,Animation|Children|Fantasy
The Light Between Oceans,"Sep 2, 2016",PG-13,12545979,12545979,162592,Drama
Queen of Katwe,"Sep 23, 2016",PG,8874389,8874389,162596,Drama
Doctor Strange,"Nov 4, 2016",PG-13,232532923,232532923,115927,Action|Animation|Children|Fantasy|Sci-Fi
Doctor Strange,"Nov 4, 2016",PG-13,232532923,232532923,122922,Action|Adventure|Sci-Fi
Moana,"Nov 23, 2016",PG,246082029,246082029,73141,Documentary
Moana,"Nov 23, 2016",PG,246082029,246082029,166461,Adventure|Animation|Children|Comedy|Fantasy
Rogue One: A Star Wars Story,"Dec 16, 2016",PG-13,529483936,529483936,166528,Action|Adventure|Fantasy|Sci-Fi
